Site,Planting,Latitude,Longitude,Genetics
ames_ia,5/1/2023,42.0215,-93.7745,2.5
ames_ia,5/8/2023,42.0215,-93.7745,2.5
ames_ia,5/15/2023,42.0215,-93.7745,2.5
ames_ia,5/22/2023,42.0215,-93.7745,2.5
ames_ia,5/29/2023,42.0215,-93.7745,2.5
ames_ia,4/22/2023,42.0215,-93.7745,2.5
ames_ia,4/15/2023,42.0215,-93.7745,2.5
ames_ia,5/1/2022,42.0215,-93.7745,2.5
ames_ia,5/8/2022,42.0215,-93.7745,2.5
ames_ia,5/15/2022,42.0215,-93.7745,2.5
ames_ia,5/22/2022,42.0215,-93.7745,2.5
ames_ia,5/29/2022,42.0215,-93.7745,2.5
ames_ia,4/22/2022,42.0215,-93.7745,2.5
ames_ia,4/15/2022,42.0215,-93.7745,2.5
ames_ia,5/1/2021,42.0215,-93.7745,2.5
ames_ia,5/8/2021,42.0215,-93.7745,2.5
ames_ia,5/15/2021,42.0215,-93.7745,2.5
ames_ia,5/22/2021,42.0215,-93.7745,2.5
ames_ia,5/29/2021,42.0215,-93.7745,2.5
ames_ia,4/22/2021,42.0215,-93.7745,2.5
ames_ia,4/15/2021,42.0215,-93.7745,2.5
ames_ia,5/1/2020,42.0215,-93.7745,2.5
ames_ia,5/8/2020,42.0215,-93.7745,2.5
ames_ia,5/15/2020,42.0215,-93.7745,2.5
ames_ia,5/22/2020,42.0215,-93.7745,2.5
ames_ia,5/29/2020,42.0215,-93.7745,2.5
ames_ia,4/22/2020,42.0215,-93.7745,2.5
ames_ia,4/15/2020,42.0215,-93.7745,2.5
brookings_sd,5/1/2023,44.3027,-96.7856,2.5
brookings_sd,5/8/2023,44.3027,-96.7856,2.5
brookings_sd,5/15/2023,44.3027,-96.7856,2.5
brookings_sd,5/22/2023,44.3027,-96.7856,2.5
brookings_sd,5/29/2023,44.3027,-96.7856,2.5
brookings_sd,4/22/2023,44.3027,-96.7856,2.5
brookings_sd,4/15/2023,44.3027,-96.7856,2.5
brookings_sd,5/1/2022,44.3027,-96.7856,2.5
brookings_sd,5/8/2022,44.3027,-96.7856,2.5
brookings_sd,5/15/2022,44.3027,-96.7856,2.5
brookings_sd,5/22/2022,44.3027,-96.7856,2.5
brookings_sd,5/29/2022,44.3027,-96.7856,2.5
brookings_sd,4/22/2022,44.3027,-96.7856,2.5
brookings_sd,4/15/2022,44.3027,-96.7856,2.5
brookings_sd,5/1/2021,44.3027,-96.7856,2.5
brookings_sd,5/8/2021,44.3027,-96.7856,2.5
brookings_sd,5/15/2021,44.3027,-96.7856,2.5
brookings_sd,5/22/2021,44.3027,-96.7856,2.5
brookings_sd,5/29/2021,44.3027,-96.7856,2.5
brookings_sd,4/22/2021,44.3027,-96.7856,2.5
brookings_sd,4/15/2021,44.3027,-96.7856,2.5
brookings_sd,5/1/2020,44.3027,-96.7856,2.5
brookings_sd,5/8/2020,44.3027,-96.7856,2.5
brookings_sd,5/15/2020,44.3027,-96.7856,2.5
brookings_sd,5/22/2020,44.3027,-96.7856,2.5
brookings_sd,5/29/2020,44.3027,-96.7856,2.5
brookings_sd,4/22/2020,44.3027,-96.7856,2.5
brookings_sd,4/15/2020,44.3027,-96.7856,2.5
hoytville_oh,5/1/2023,41.2126,-83.7578,2.5
hoytville_oh,5/8/2023,41.2126,-83.7578,2.5
hoytville_oh,5/15/2023,41.2126,-83.7578,2.5
hoytville_oh,5/22/2023,41.2126,-83.7578,2.5
hoytville_oh,5/29/2023,41.2126,-83.7578,2.5
hoytville_oh,4/22/2023,41.2126,-83.7578,2.5
hoytville_oh,4/15/2023,41.2126,-83.7578,2.5
hoytville_oh,5/1/2022,41.2126,-83.7578,2.5
hoytville_oh,5/8/2022,41.2126,-83.7578,2.5
hoytville_oh,5/15/2022,41.2126,-83.7578,2.5
hoytville_oh,5/22/2022,41.2126,-83.7578,2.5
hoytville_oh,5/29/2022,41.2126,-83.7578,2.5
hoytville_oh,4/22/2022,41.2126,-83.7578,2.5
hoytville_oh,4/15/2022,41.2126,-83.7578,2.5
hoytville_oh,5/1/2021,41.2126,-83.7578,2.5
hoytville_oh,5/8/2021,41.2126,-83.7578,2.5
hoytville_oh,5/15/2021,41.2126,-83.7578,2.5
hoytville_oh,5/22/2021,41.2126,-83.7578,2.5
hoytville_oh,5/29/2021,41.2126,-83.7578,2.5
hoytville_oh,4/22/2021,41.2126,-83.7578,2.5
hoytville_oh,4/15/2021,41.2126,-83.7578,2.5
hoytville_oh,5/1/2020,41.2126,-83.7578,2.5
hoytville_oh,5/8/2020,41.2126,-83.7578,2.5
hoytville_oh,5/15/2020,41.2126,-83.7578,2.5
hoytville_oh,5/22/2020,41.2126,-83.7578,2.5
hoytville_oh,5/29/2020,41.2126,-83.7578,2.5
hoytville_oh,4/22/2020,41.2126,-83.7578,2.5
hoytville_oh,4/15/2020,41.2126,-83.7578,2.5
lafayette_in,5/1/2023,40.399,-86.8592,2.5
lafayette_in,5/8/2023,40.399,-86.8592,2.5
lafayette_in,5/15/2023,40.399,-86.8592,2.5
lafayette_in,5/22/2023,40.399,-86.8592,2.5
lafayette_in,5/29/2023,40.399,-86.8592,2.5
lafayette_in,4/22/2023,40.399,-86.8592,2.5
lafayette_in,4/15/2023,40.399,-86.8592,2.5
lafayette_in,5/1/2022,40.399,-86.8592,2.5
lafayette_in,5/8/2022,40.399,-86.8592,2.5
lafayette_in,5/15/2022,40.399,-86.8592,2.5
lafayette_in,5/22/2022,40.399,-86.8592,2.5
lafayette_in,5/29/2022,40.399,-86.8592,2.5
lafayette_in,4/22/2022,40.399,-86.8592,2.5
lafayette_in,4/15/2022,40.399,-86.8592,2.5
lafayette_in,5/1/2021,40.399,-86.8592,2.5
lafayette_in,5/8/2021,40.399,-86.8592,2.5
lafayette_in,5/15/2021,40.399,-86.8592,2.5
lafayette_in,5/22/2021,40.399,-86.8592,2.5
lafayette_in,5/29/2021,40.399,-86.8592,2.5
lafayette_in,4/22/2021,40.399,-86.8592,2.5
lafayette_in,4/15/2021,40.399,-86.8592,2.5
lafayette_in,5/1/2020,40.399,-86.8592,2.5
lafayette_in,5/8/2020,40.399,-86.8592,2.5
lafayette_in,5/15/2020,40.399,-86.8592,2.5
lafayette_in,5/22/2020,40.399,-86.8592,2.5
lafayette_in,5/29/2020,40.399,-86.8592,2.5
lafayette_in,4/22/2020,40.399,-86.8592,2.5
lafayette_in,4/15/2020,40.399,-86.8592,2.5
lamberton_mn,5/1/2023,44.24095,-95.3115,2.5
lamberton_mn,5/8/2023,44.24095,-95.3115,2.5
lamberton_mn,5/15/2023,44.24095,-95.3115,2.5
lamberton_mn,5/22/2023,44.24095,-95.3115,2.5
lamberton_mn,5/29/2023,44.24095,-95.3115,2.5
lamberton_mn,4/22/2023,44.24095,-95.3115,2.5
lamberton_mn,4/15/2023,44.24095,-95.3115,2.5
lamberton_mn,5/1/2022,44.24095,-95.3115,2.5
lamberton_mn,5/8/2022,44.24095,-95.3115,2.5
lamberton_mn,5/15/2022,44.24095,-95.3115,2.5
lamberton_mn,5/22/2022,44.24095,-95.3115,2.5
lamberton_mn,5/29/2022,44.24095,-95.3115,2.5
lamberton_mn,4/22/2022,44.24095,-95.3115,2.5
lamberton_mn,4/15/2022,44.24095,-95.3115,2.5
lamberton_mn,5/1/2021,44.24095,-95.3115,2.5
lamberton_mn,5/8/2021,44.24095,-95.3115,2.5
lamberton_mn,5/15/2021,44.24095,-95.3115,2.5
lamberton_mn,5/22/2021,44.24095,-95.3115,2.5
lamberton_mn,5/29/2021,44.24095,-95.3115,2.5
lamberton_mn,4/22/2021,44.24095,-95.3115,2.5
lamberton_mn,4/15/2021,44.24095,-95.3115,2.5
lamberton_mn,5/1/2020,44.24095,-95.3115,2.5
lamberton_mn,5/8/2020,44.24095,-95.3115,2.5
lamberton_mn,5/15/2020,44.24095,-95.3115,2.5
lamberton_mn,5/22/2020,44.24095,-95.3115,2.5
lamberton_mn,5/29/2020,44.24095,-95.3115,2.5
lamberton_mn,4/22/2020,44.24095,-95.3115,2.5
lamberton_mn,4/15/2020,44.24095,-95.3115,2.5
urbana_il,5/1/2023,40.05325,-88.23485,2.5
urbana_il,5/8/2023,40.05325,-88.23485,2.5
urbana_il,5/15/2023,40.05325,-88.23485,2.5
urbana_il,5/22/2023,40.05325,-88.23485,2.5
urbana_il,5/29/2023,40.05325,-88.23485,2.5
urbana_il,4/22/2023,40.05325,-88.23485,2.5
urbana_il,4/15/2023,40.05325,-88.23485,2.5
urbana_il,5/1/2022,40.05325,-88.23485,2.5
urbana_il,5/8/2022,40.05325,-88.23485,2.5
urbana_il,5/15/2022,40.05325,-88.23485,2.5
urbana_il,5/22/2022,40.05325,-88.23485,2.5
urbana_il,5/29/2022,40.05325,-88.23485,2.5
urbana_il,4/22/2022,40.05325,-88.23485,2.5
urbana_il,4/15/2022,40.05325,-88.23485,2.5
urbana_il,5/1/2021,40.05325,-88.23485,2.5
urbana_il,5/8/2021,40.05325,-88.23485,2.5
urbana_il,5/15/2021,40.05325,-88.23485,2.5
urbana_il,5/22/2021,40.05325,-88.23485,2.5
urbana_il,5/29/2021,40.05325,-88.23485,2.5
urbana_il,4/22/2021,40.05325,-88.23485,2.5
urbana_il,4/15/2021,40.05325,-88.23485,2.5
urbana_il,5/1/2020,40.05325,-88.23485,2.5
urbana_il,5/8/2020,40.05325,-88.23485,2.5
urbana_il,5/15/2020,40.05325,-88.23485,2.5
urbana_il,5/22/2020,40.05325,-88.23485,2.5
urbana_il,5/29/2020,40.05325,-88.23485,2.5
urbana_il,4/22/2020,40.05325,-88.23485,2.5
urbana_il,4/15/2020,40.05325,-88.23485,2.5
waseca_mn,5/1/2023,44.07345,-93.53225,2.5
waseca_mn,5/8/2023,44.07345,-93.53225,2.5
waseca_mn,5/15/2023,44.07345,-93.53225,2.5
waseca_mn,5/22/2023,44.07345,-93.53225,2.5
waseca_mn,5/29/2023,44.07345,-93.53225,2.5
waseca_mn,4/22/2023,44.07345,-93.53225,2.5
waseca_mn,4/15/2023,44.07345,-93.53225,2.5
waseca_mn,5/1/2022,44.07345,-93.53225,2.5
waseca_mn,5/8/2022,44.07345,-93.53225,2.5
waseca_mn,5/15/2022,44.07345,-93.53225,2.5
waseca_mn,5/22/2022,44.07345,-93.53225,2.5
waseca_mn,5/29/2022,44.07345,-93.53225,2.5
waseca_mn,4/22/2022,44.07345,-93.53225,2.5
waseca_mn,4/15/2022,44.07345,-93.53225,2.5
waseca_mn,5/1/2021,44.07345,-93.53225,2.5
waseca_mn,5/8/2021,44.07345,-93.53225,2.5
waseca_mn,5/15/2021,44.07345,-93.53225,2.5
waseca_mn,5/22/2021,44.07345,-93.53225,2.5
waseca_mn,5/29/2021,44.07345,-93.53225,2.5
waseca_mn,4/22/2021,44.07345,-93.53225,2.5
waseca_mn,4/15/2021,44.07345,-93.53225,2.5
waseca_mn,5/1/2020,44.07345,-93.53225,2.5
waseca_mn,5/8/2020,44.07345,-93.53225,2.5
waseca_mn,5/15/2020,44.07345,-93.53225,2.5
waseca_mn,5/22/2020,44.07345,-93.53225,2.5
waseca_mn,5/29/2020,44.07345,-93.53225,2.5
waseca_mn,4/22/2020,44.07345,-93.53225,2.5
waseca_mn,4/15/2020,44.07345,-93.53225,2.5
wooster_oh,5/1/2023,40.7565,-81.9004,2.5
wooster_oh,5/8/2023,40.7565,-81.9004,2.5
wooster_oh,5/15/2023,40.7565,-81.9004,2.5
wooster_oh,5/22/2023,40.7565,-81.9004,2.5
wooster_oh,5/29/2023,40.7565,-81.9004,2.5
wooster_oh,4/22/2023,40.7565,-81.9004,2.5
wooster_oh,4/15/2023,40.7565,-81.9004,2.5
wooster_oh,5/1/2022,40.7565,-81.9004,2.5
wooster_oh,5/8/2022,40.7565,-81.9004,2.5
wooster_oh,5/15/2022,40.7565,-81.9004,2.5
wooster_oh,5/22/2022,40.7565,-81.9004,2.5
wooster_oh,5/29/2022,40.7565,-81.9004,2.5
wooster_oh,4/22/2022,40.7565,-81.9004,2.5
wooster_oh,4/15/2022,40.7565,-81.9004,2.5
wooster_oh,5/1/2021,40.7565,-81.9004,2.5
wooster_oh,5/8/2021,40.7565,-81.9004,2.5
wooster_oh,5/15/2021,40.7565,-81.9004,2.5
wooster_oh,5/22/2021,40.7565,-81.9004,2.5
wooster_oh,5/29/2021,40.7565,-81.9004,2.5
wooster_oh,4/22/2021,40.7565,-81.9004,2.5
wooster_oh,4/15/2021,40.7565,-81.9004,2.5
wooster_oh,5/1/2020,40.7565,-81.9004,2.5
wooster_oh,5/8/2020,40.7565,-81.9004,2.5
wooster_oh,5/15/2020,40.7565,-81.9004,2.5
wooster_oh,5/22/2020,40.7565,-81.9004,2.5
wooster_oh,5/29/2020,40.7565,-81.9004,2.5
wooster_oh,4/22/2020,40.7565,-81.9004,2.5
wooster_oh,4/15/2020,40.7565,-81.9004,2.5
columbia_mo,5/1/2023,38.8894,-92.2081,2.5
columbia_mo,5/8/2023,38.8894,-92.2081,2.5
columbia_mo,5/15/2023,38.8894,-92.2081,2.5
columbia_mo,5/22/2023,38.8894,-92.2081,2.5
columbia_mo,5/29/2023,38.8894,-92.2081,2.5
columbia_mo,4/22/2023,38.8894,-92.2081,2.5
columbia_mo,4/15/2023,38.8894,-92.2081,2.5
columbia_mo,5/1/2022,38.8894,-92.2081,2.5
columbia_mo,5/8/2022,38.8894,-92.2081,2.5
columbia_mo,5/15/2022,38.8894,-92.2081,2.5
columbia_mo,5/22/2022,38.8894,-92.2081,2.5
columbia_mo,5/29/2022,38.8894,-92.2081,2.5
columbia_mo,4/22/2022,38.8894,-92.2081,2.5
columbia_mo,4/15/2022,38.8894,-92.2081,2.5
columbia_mo,5/1/2021,38.8894,-92.2081,2.5
columbia_mo,5/8/2021,38.8894,-92.2081,2.5
columbia_mo,5/15/2021,38.8894,-92.2081,2.5
columbia_mo,5/22/2021,38.8894,-92.2081,2.5
columbia_mo,5/29/2021,38.8894,-92.2081,2.5
columbia_mo,4/22/2021,38.8894,-92.2081,2.5
columbia_mo,4/15/2021,38.8894,-92.2081,2.5
columbia_mo,5/1/2020,38.8894,-92.2081,2.5
columbia_mo,5/8/2020,38.8894,-92.2081,2.5
columbia_mo,5/15/2020,38.8894,-92.2081,2.5
columbia_mo,5/22/2020,38.8894,-92.2081,2.5
columbia_mo,5/29/2020,38.8894,-92.2081,2.5
columbia_mo,4/22/2020,38.8894,-92.2081,2.5
columbia_mo,4/15/2020,38.8894,-92.2081,2.5
manhattan_ks,5/1/2023,38.1326,-96.62,2.5
manhattan_ks,5/8/2023,38.1326,-96.62,2.5
manhattan_ks,5/15/2023,38.1326,-96.62,2.5
manhattan_ks,5/22/2023,38.1326,-96.62,2.5
manhattan_ks,5/29/2023,38.1326,-96.62,2.5
manhattan_ks,4/22/2023,38.1326,-96.62,2.5
manhattan_ks,4/15/2023,38.1326,-96.62,2.5
manhattan_ks,5/1/2022,38.1326,-96.62,2.5
manhattan_ks,5/8/2022,38.1326,-96.62,2.5
manhattan_ks,5/15/2022,38.1326,-96.62,2.5
manhattan_ks,5/22/2022,38.1326,-96.62,2.5
manhattan_ks,5/29/2022,38.1326,-96.62,2.5
manhattan_ks,4/22/2022,38.1326,-96.62,2.5
manhattan_ks,4/15/2022,38.1326,-96.62,2.5
manhattan_ks,5/1/2021,38.1326,-96.62,2.5
manhattan_ks,5/8/2021,38.1326,-96.62,2.5
manhattan_ks,5/15/2021,38.1326,-96.62,2.5
manhattan_ks,5/22/2021,38.1326,-96.62,2.5
manhattan_ks,5/29/2021,38.1326,-96.62,2.5
manhattan_ks,4/22/2021,38.1326,-96.62,2.5
manhattan_ks,4/15/2021,38.1326,-96.62,2.5
manhattan_ks,5/1/2020,38.1326,-96.62,2.5
manhattan_ks,5/8/2020,38.1326,-96.62,2.5
manhattan_ks,5/15/2020,38.1326,-96.62,2.5
manhattan_ks,5/22/2020,38.1326,-96.62,2.5
manhattan_ks,5/29/2020,38.1326,-96.62,2.5
manhattan_ks,4/22/2020,38.1326,-96.62,2.5
manhattan_ks,4/15/2020,38.1326,-96.62,2.5
queenstown_md,5/1/2023,38.9863,-76.1693,2.5
queenstown_md,5/8/2023,38.9863,-76.1693,2.5
queenstown_md,5/15/2023,38.9863,-76.1693,2.5
queenstown_md,5/22/2023,38.9863,-76.1693,2.5
queenstown_md,5/29/2023,38.9863,-76.1693,2.5
queenstown_md,4/22/2023,38.9863,-76.1693,2.5
queenstown_md,4/15/2023,38.9863,-76.1693,2.5
queenstown_md,5/1/2022,38.9863,-76.1693,2.5
queenstown_md,5/8/2022,38.9863,-76.1693,2.5
queenstown_md,5/15/2022,38.9863,-76.1693,2.5
queenstown_md,5/22/2022,38.9863,-76.1693,2.5
queenstown_md,5/29/2022,38.9863,-76.1693,2.5
queenstown_md,4/22/2022,38.9863,-76.1693,2.5
queenstown_md,4/15/2022,38.9863,-76.1693,2.5
queenstown_md,5/1/2021,38.9863,-76.1693,2.5
queenstown_md,5/8/2021,38.9863,-76.1693,2.5
queenstown_md,5/15/2021,38.9863,-76.1693,2.5
queenstown_md,5/22/2021,38.9863,-76.1693,2.5
queenstown_md,5/29/2021,38.9863,-76.1693,2.5
queenstown_md,4/22/2021,38.9863,-76.1693,2.5
queenstown_md,4/15/2021,38.9863,-76.1693,2.5
queenstown_md,5/1/2020,38.9863,-76.1693,2.5
queenstown_md,5/8/2020,38.9863,-76.1693,2.5
queenstown_md,5/15/2020,38.9863,-76.1693,2.5
queenstown_md,5/22/2020,38.9863,-76.1693,2.5
queenstown_md,5/29/2020,38.9863,-76.1693,2.5
queenstown_md,4/22/2020,38.9863,-76.1693,2.5
queenstown_md,4/15/2020,38.9863,-76.1693,2.5
southcharleston_oh,5/1/2023,39.8572,-83.6708,2.5
southcharleston_oh,5/8/2023,39.8572,-83.6708,2.5
southcharleston_oh,5/15/2023,39.8572,-83.6708,2.5
southcharleston_oh,5/22/2023,39.8572,-83.6708,2.5
southcharleston_oh,5/29/2023,39.8572,-83.6708,2.5
southcharleston_oh,4/22/2023,39.8572,-83.6708,2.5
southcharleston_oh,4/15/2023,39.8572,-83.6708,2.5
southcharleston_oh,5/1/2022,39.8572,-83.6708,2.5
southcharleston_oh,5/8/2022,39.8572,-83.6708,2.5
southcharleston_oh,5/15/2022,39.8572,-83.6708,2.5
southcharleston_oh,5/22/2022,39.8572,-83.6708,2.5
southcharleston_oh,5/29/2022,39.8572,-83.6708,2.5
southcharleston_oh,4/22/2022,39.8572,-83.6708,2.5
southcharleston_oh,4/15/2022,39.8572,-83.6708,2.5
southcharleston_oh,5/1/2021,39.8572,-83.6708,2.5
southcharleston_oh,5/8/2021,39.8572,-83.6708,2.5
southcharleston_oh,5/15/2021,39.8572,-83.6708,2.5
southcharleston_oh,5/22/2021,39.8572,-83.6708,2.5
southcharleston_oh,5/29/2021,39.8572,-83.6708,2.5
southcharleston_oh,4/22/2021,39.8572,-83.6708,2.5
southcharleston_oh,4/15/2021,39.8572,-83.6708,2.5
southcharleston_oh,5/1/2020,39.8572,-83.6708,2.5
southcharleston_oh,5/8/2020,39.8572,-83.6708,2.5
southcharleston_oh,5/15/2020,39.8572,-83.6708,2.5
southcharleston_oh,5/22/2020,39.8572,-83.6708,2.5
southcharleston_oh,5/29/2020,39.8572,-83.6708,2.5
southcharleston_oh,4/22/2020,39.8572,-83.6708,2.5
southcharleston_oh,4/15/2020,39.8572,-83.6708,2.5
casselton_nd,5/1/2023,46.8866,-97.2386,2.5
casselton_nd,5/8/2023,46.8866,-97.2386,2.5
casselton_nd,5/15/2023,46.8866,-97.2386,2.5
casselton_nd,5/22/2023,46.8866,-97.2386,2.5
casselton_nd,5/29/2023,46.8866,-97.2386,2.5
casselton_nd,4/22/2023,46.8866,-97.2386,2.5
casselton_nd,4/15/2023,46.8866,-97.2386,2.5
casselton_nd,5/1/2022,46.8866,-97.2386,2.5
casselton_nd,5/8/2022,46.8866,-97.2386,2.5
casselton_nd,5/15/2022,46.8866,-97.2386,2.5
casselton_nd,5/22/2022,46.8866,-97.2386,2.5
casselton_nd,5/29/2022,46.8866,-97.2386,2.5
casselton_nd,4/22/2022,46.8866,-97.2386,2.5
casselton_nd,4/15/2022,46.8866,-97.2386,2.5
casselton_nd,5/1/2021,46.8866,-97.2386,2.5
casselton_nd,5/8/2021,46.8866,-97.2386,2.5
casselton_nd,5/15/2021,46.8866,-97.2386,2.5
casselton_nd,5/22/2021,46.8866,-97.2386,2.5
casselton_nd,5/29/2021,46.8866,-97.2386,2.5
casselton_nd,4/22/2021,46.8866,-97.2386,2.5
casselton_nd,4/15/2021,46.8866,-97.2386,2.5
casselton_nd,5/1/2020,46.8866,-97.2386,2.5
casselton_nd,5/8/2020,46.8866,-97.2386,2.5
casselton_nd,5/15/2020,46.8866,-97.2386,2.5
casselton_nd,5/22/2020,46.8866,-97.2386,2.5
casselton_nd,5/29/2020,46.8866,-97.2386,2.5
casselton_nd,4/22/2020,46.8866,-97.2386,2.5
casselton_nd,4/15/2020,46.8866,-97.2386,2.5
rosemount_mn,5/1/2023,44.707,-93.101,2.5
rosemount_mn,5/8/2023,44.707,-93.101,2.5
rosemount_mn,5/15/2023,44.707,-93.101,2.5
rosemount_mn,5/22/2023,44.707,-93.101,2.5
rosemount_mn,5/29/2023,44.707,-93.101,2.5
rosemount_mn,4/22/2023,44.707,-93.101,2.5
rosemount_mn,4/15/2023,44.707,-93.101,2.5
rosemount_mn,5/1/2022,44.707,-93.101,2.5
rosemount_mn,5/8/2022,44.707,-93.101,2.5
rosemount_mn,5/15/2022,44.707,-93.101,2.5
rosemount_mn,5/22/2022,44.707,-93.101,2.5
rosemount_mn,5/29/2022,44.707,-93.101,2.5
rosemount_mn,4/22/2022,44.707,-93.101,2.5
rosemount_mn,4/15/2022,44.707,-93.101,2.5
rosemount_mn,5/1/2021,44.707,-93.101,2.5
rosemount_mn,5/8/2021,44.707,-93.101,2.5
rosemount_mn,5/15/2021,44.707,-93.101,2.5
rosemount_mn,5/22/2021,44.707,-93.101,2.5
rosemount_mn,5/29/2021,44.707,-93.101,2.5
rosemount_mn,4/22/2021,44.707,-93.101,2.5
rosemount_mn,4/15/2021,44.707,-93.101,2.5
rosemount_mn,5/1/2020,44.707,-93.101,2.5
rosemount_mn,5/8/2020,44.707,-93.101,2.5
rosemount_mn,5/15/2020,44.707,-93.101,2.5
rosemount_mn,5/22/2020,44.707,-93.101,2.5
rosemount_mn,5/29/2020,44.707,-93.101,2.5
rosemount_mn,4/22/2020,44.707,-93.101,2.5
rosemount_mn,4/15/2020,44.707,-93.101,2.5
inghamcounty_mi,5/1/2023,42.6469,-84.3542,2.5
inghamcounty_mi,5/8/2023,42.6469,-84.3542,2.5
inghamcounty_mi,5/15/2023,42.6469,-84.3542,2.5
inghamcounty_mi,5/22/2023,42.6469,-84.3542,2.5
inghamcounty_mi,5/29/2023,42.6469,-84.3542,2.5
inghamcounty_mi,4/22/2023,42.6469,-84.3542,2.5
inghamcounty_mi,4/15/2023,42.6469,-84.3542,2.5
inghamcounty_mi,5/1/2022,42.6469,-84.3542,2.5
inghamcounty_mi,5/8/2022,42.6469,-84.3542,2.5
inghamcounty_mi,5/15/2022,42.6469,-84.3542,2.5
inghamcounty_mi,5/22/2022,42.6469,-84.3542,2.5
inghamcounty_mi,5/29/2022,42.6469,-84.3542,2.5
inghamcounty_mi,4/22/2022,42.6469,-84.3542,2.5
inghamcounty_mi,4/15/2022,42.6469,-84.3542,2.5
inghamcounty_mi,5/1/2021,42.6469,-84.3542,2.5
inghamcounty_mi,5/8/2021,42.6469,-84.3542,2.5
inghamcounty_mi,5/15/2021,42.6469,-84.3542,2.5
inghamcounty_mi,5/22/2021,42.6469,-84.3542,2.5
inghamcounty_mi,5/29/2021,42.6469,-84.3542,2.5
inghamcounty_mi,4/22/2021,42.6469,-84.3542,2.5
inghamcounty_mi,4/15/2021,42.6469,-84.3542,2.5
inghamcounty_mi,5/1/2020,42.6469,-84.3542,2.5
inghamcounty_mi,5/8/2020,42.6469,-84.3542,2.5
inghamcounty_mi,5/15/2020,42.6469,-84.3542,2.5
inghamcounty_mi,5/22/2020,42.6469,-84.3542,2.5
inghamcounty_mi,5/29/2020,42.6469,-84.3542,2.5
inghamcounty_mi,4/22/2020,42.6469,-84.3542,2.5
inghamcounty_mi,4/15/2020,42.6469,-84.3542,2.5
humboldt_ia,5/1/2023,42.7232,-94.2245,2.5
humboldt_ia,5/8/2023,42.7232,-94.2245,2.5
humboldt_ia,5/15/2023,42.7232,-94.2245,2.5
humboldt_ia,5/22/2023,42.7232,-94.2245,2.5
humboldt_ia,5/29/2023,42.7232,-94.2245,2.5
humboldt_ia,4/22/2023,42.7232,-94.2245,2.5
humboldt_ia,4/15/2023,42.7232,-94.2245,2.5
humboldt_ia,5/1/2022,42.7232,-94.2245,2.5
humboldt_ia,5/8/2022,42.7232,-94.2245,2.5
humboldt_ia,5/15/2022,42.7232,-94.2245,2.5
humboldt_ia,5/22/2022,42.7232,-94.2245,2.5
humboldt_ia,5/29/2022,42.7232,-94.2245,2.5
humboldt_ia,4/22/2022,42.7232,-94.2245,2.5
humboldt_ia,4/15/2022,42.7232,-94.2245,2.5
humboldt_ia,5/1/2021,42.7232,-94.2245,2.5
humboldt_ia,5/8/2021,42.7232,-94.2245,2.5
humboldt_ia,5/15/2021,42.7232,-94.2245,2.5
humboldt_ia,5/22/2021,42.7232,-94.2245,2.5
humboldt_ia,5/29/2021,42.7232,-94.2245,2.5
humboldt_ia,4/22/2021,42.7232,-94.2245,2.5
humboldt_ia,4/15/2021,42.7232,-94.2245,2.5
humboldt_ia,5/1/2020,42.7232,-94.2245,2.5
humboldt_ia,5/8/2020,42.7232,-94.2245,2.5
humboldt_ia,5/15/2020,42.7232,-94.2245,2.5
humboldt_ia,5/22/2020,42.7232,-94.2245,2.5
humboldt_ia,5/29/2020,42.7232,-94.2245,2.5
humboldt_ia,4/22/2020,42.7232,-94.2245,2.5
humboldt_ia,4/15/2020,42.7232,-94.2245,2.5
cotesfield_ne,5/1/2023,41.3276,-98.6081,2.5
cotesfield_ne,5/8/2023,41.3276,-98.6081,2.5
cotesfield_ne,5/15/2023,41.3276,-98.6081,2.5
cotesfield_ne,5/22/2023,41.3276,-98.6081,2.5
cotesfield_ne,5/29/2023,41.3276,-98.6081,2.5
cotesfield_ne,4/22/2023,41.3276,-98.6081,2.5
cotesfield_ne,4/15/2023,41.3276,-98.6081,2.5
cotesfield_ne,5/1/2022,41.3276,-98.6081,2.5
cotesfield_ne,5/8/2022,41.3276,-98.6081,2.5
cotesfield_ne,5/15/2022,41.3276,-98.6081,2.5
cotesfield_ne,5/22/2022,41.3276,-98.6081,2.5
cotesfield_ne,5/29/2022,41.3276,-98.6081,2.5
cotesfield_ne,4/22/2022,41.3276,-98.6081,2.5
cotesfield_ne,4/15/2022,41.3276,-98.6081,2.5
cotesfield_ne,5/1/2021,41.3276,-98.6081,2.5
cotesfield_ne,5/8/2021,41.3276,-98.6081,2.5
cotesfield_ne,5/15/2021,41.3276,-98.6081,2.5
cotesfield_ne,5/22/2021,41.3276,-98.6081,2.5
cotesfield_ne,5/29/2021,41.3276,-98.6081,2.5
cotesfield_ne,4/22/2021,41.3276,-98.6081,2.5
cotesfield_ne,4/15/2021,41.3276,-98.6081,2.5
cotesfield_ne,5/1/2020,41.3276,-98.6081,2.5
cotesfield_ne,5/8/2020,41.3276,-98.6081,2.5
cotesfield_ne,5/15/2020,41.3276,-98.6081,2.5
cotesfield_ne,5/22/2020,41.3276,-98.6081,2.5
cotesfield_ne,5/29/2020,41.3276,-98.6081,2.5
cotesfield_ne,4/22/2020,41.3276,-98.6081,2.5
cotesfield_ne,4/15/2020,41.3276,-98.6081,2.5
wanatah_in,5/1/2023,41.4444,-86.9437,2.5
wanatah_in,5/8/2023,41.4444,-86.9437,2.5
wanatah_in,5/15/2023,41.4444,-86.9437,2.5
wanatah_in,5/22/2023,41.4444,-86.9437,2.5
wanatah_in,5/29/2023,41.4444,-86.9437,2.5
wanatah_in,4/22/2023,41.4444,-86.9437,2.5
wanatah_in,4/15/2023,41.4444,-86.9437,2.5
wanatah_in,5/1/2022,41.4444,-86.9437,2.5
wanatah_in,5/8/2022,41.4444,-86.9437,2.5
wanatah_in,5/15/2022,41.4444,-86.9437,2.5
wanatah_in,5/22/2022,41.4444,-86.9437,2.5
wanatah_in,5/29/2022,41.4444,-86.9437,2.5
wanatah_in,4/22/2022,41.4444,-86.9437,2.5
wanatah_in,4/15/2022,41.4444,-86.9437,2.5
wanatah_in,5/1/2021,41.4444,-86.9437,2.5
wanatah_in,5/8/2021,41.4444,-86.9437,2.5
wanatah_in,5/15/2021,41.4444,-86.9437,2.5
wanatah_in,5/22/2021,41.4444,-86.9437,2.5
wanatah_in,5/29/2021,41.4444,-86.9437,2.5
wanatah_in,4/22/2021,41.4444,-86.9437,2.5
wanatah_in,4/15/2021,41.4444,-86.9437,2.5
wanatah_in,5/1/2020,41.4444,-86.9437,2.5
wanatah_in,5/8/2020,41.4444,-86.9437,2.5
wanatah_in,5/15/2020,41.4444,-86.9437,2.5
wanatah_in,5/22/2020,41.4444,-86.9437,2.5
wanatah_in,5/29/2020,41.4444,-86.9437,2.5
wanatah_in,4/22/2020,41.4444,-86.9437,2.5
wanatah_in,4/15/2020,41.4444,-86.9437,2.5
phillips_ne,5/1/2023,40.8473,-98.177,2.5
phillips_ne,5/8/2023,40.8473,-98.177,2.5
phillips_ne,5/15/2023,40.8473,-98.177,2.5
phillips_ne,5/22/2023,40.8473,-98.177,2.5
phillips_ne,5/29/2023,40.8473,-98.177,2.5
phillips_ne,4/22/2023,40.8473,-98.177,2.5
phillips_ne,4/15/2023,40.8473,-98.177,2.5
phillips_ne,5/1/2022,40.8473,-98.177,2.5
phillips_ne,5/8/2022,40.8473,-98.177,2.5
phillips_ne,5/15/2022,40.8473,-98.177,2.5
phillips_ne,5/22/2022,40.8473,-98.177,2.5
phillips_ne,5/29/2022,40.8473,-98.177,2.5
phillips_ne,4/22/2022,40.8473,-98.177,2.5
phillips_ne,4/15/2022,40.8473,-98.177,2.5
phillips_ne,5/1/2021,40.8473,-98.177,2.5
phillips_ne,5/8/2021,40.8473,-98.177,2.5
phillips_ne,5/15/2021,40.8473,-98.177,2.5
phillips_ne,5/22/2021,40.8473,-98.177,2.5
phillips_ne,5/29/2021,40.8473,-98.177,2.5
phillips_ne,4/22/2021,40.8473,-98.177,2.5
phillips_ne,4/15/2021,40.8473,-98.177,2.5
phillips_ne,5/1/2020,40.8473,-98.177,2.5
phillips_ne,5/8/2020,40.8473,-98.177,2.5
phillips_ne,5/15/2020,40.8473,-98.177,2.5
phillips_ne,5/22/2020,40.8473,-98.177,2.5
phillips_ne,5/29/2020,40.8473,-98.177,2.5
phillips_ne,4/22/2020,40.8473,-98.177,2.5
phillips_ne,4/15/2020,40.8473,-98.177,2.5
