Date,DOY,StageName,Stage,Rain,Radn,MaxT,MeanT,MinT,ThermalTime,AccEmTT,SoilTemp,PAWmm,NH4,NO3,Urea,OrganicC,FracGrowthRate,NutrientStress,TempStress,WaterStress,Result,ID,Period,AccRain,AccTT
2017-03-11,70,NA,1,0,18.329999923706055,0.6100000143051147,-2.869999945163727,-6.349999904632568,0,0,3.9432531242046274,355.36170187794266,2.27565259650793,17.941763275162227,0,78996.51009708537,0,1,0,1,NA,1,1,0,0
2017-03-12,71,NA,1,0.03999999910593033,19.219999313354492,1.9900000095367432,-2.2600001096725464,-6.510000228881836,0,0,3.389812683564418,354.3091392295237,2.273197408783327,17.94248939329485,0,78996.39592709161,0,1,0,1,NA,1,1,0.03999999910593033,0
2017-03-13,72,NA,1,2.309999942779541,6.119999885559082,0.7099999785423279,-2.1099999248981476,-4.929999828338623,0,0,2.922286971207998,356.304399213809,2.2711201468006896,17.94276038181781,0,78996.31274321632,0,1,0,1,NA,1,1,2.3499999418854713,0
2017-03-14,73,NA,1,0.4000000059604645,14.75,-1.7300000190734863,-4.1549999713897705,-6.579999923706055,0,0,2.477789585415141,356.27712287954023,2.2693691415209276,17.942712962520936,0,78996.25233687522,0,1,0,1,NA,1,1,2.749999947845936,0
2017-03-15,74,NA,1,0.07999999821186066,15.699999809265137,-0.15000000596046448,-3.709999993443489,-7.269999980926514,0,0,2.093362824916327,355.76142615754,2.2678797714422094,17.942450155177934,0,78996.20838454633,0,1,0,1,NA,1,1,2.8299999460577965,0
2017-03-16,75,NA,1,0.02999999932944774,21.290000915527344,4.699999809265137,-2.2350001335144043,-9.170000076293944,0,0,1.7622645749622363,353.82989201629357,2.266595413802899,17.942108362304225,0,78996.17405406846,0,1,0,1,NA,1,1,2.8599999453872442,0
2017-03-17,76,NA,1,2.049999952316284,5.159999847412109,6.110000133514404,3.000000067055226,-0.10999999940395357,0,0,1.6118511287673398,355.1390421867905,2.2665569905323553,17.942006643121815,0,78996.41076007344,0,1,0,1,NA,1,1,4.909999897703528,0
2017-03-18,77,NA,1,0,6.190000057220459,5.840000152587891,1.790000081062317,-2.259999990463257,0,0,1.6670906138475396,354.28858732197597,2.2657168692079517,17.94256576043251,0,78996.43812328625,0,1,0,1,NA,1,1,4.909999897703528,0
2017-03-19,78,NA,1,0.5299999713897705,19.43000030517578,10.739999771118164,4.064999938011169,-2.609999895095825,0.04252091013938175,0,1.7935041983291071,352.02677656020006,2.2660391194513823,17.943748643363786,0,78996.74050219897,0,1,0,1,NA,1,1,5.439999869093299,0.04252091013938175
2017-03-20,79,NA,1,17.479999542236328,8.3100004196167,15.739999771118164,9.914999961853027,4.090000152587891,1.7708224215507509,0,2.107706859876198,367.3238469226768,2.2751820584648,17.945256532457886,0,79249.45888381974,0,1,0,1,NA,1,1,22.919999411329627,1.8133433316901326
2017-03-21,80,NA,1,0.5400000214576721,13.399999618530272,12.56999969482422,5.549999833106995,-1.4700000286102295,0.43242642784416696,0,2.6514356636994276,365.7401949462528,2.275852117386037,17.950075570949128,0,79249.6019810494,0,1,0,1,NA,1,1,23.4599994327873,2.2457697595342996
2017-03-22,81,NA,1,0,23.360000610351563,4.489999771118164,-0.7700002193450928,-6.03000020980835,0,0,3.053196143905917,363.4841372370393,2.273591145405765,17.953550478333927,0,79249.07848952946,0,1,0,1,NA,1,1,23.4599994327873,2.2457697595342996
2017-03-23,82,NA,1,0.03999999910593033,14.460000038146973,11.479999542236328,3.7699997425079346,-3.940000057220459,0.13927814155220997,0,3.107080393166219,361.317180349115,2.2724842556049634,17.95521420993427,0,79248.98199438797,0,1,0,1,NA,1,1,23.49999943189323,2.3850479010865095
2017-03-24,83,NA,1,0.4099999964237213,19.760000228881836,23.329999923706055,15.549999952316284,7.769999980926514,5.835783458083868,0,3.2719787814955974,358.4150054200102,2.283931971507155,17.96145807024984,0,79251.61304280155,0,1,0.5549999952316285,1,NA,1,1,23.90999942831695,8.220831359170377
2017-03-25,84,Germinating,1,8.960000038146973,9.960000038146973,21.8799991607666,17.589999675750732,13.300000190734863,7.589999675750732,0,4.110942528155402,365.2202046894713,57.814734407677534,19.618880250356383,162.8549940053575,79257.73439882109,0,1,0.7589999675750733,1,NA,1,1,32.86999946646392,15.81083103492111
2017-03-26,85,Emerging,2.0875950919377804,10.529999732971191,9.359999656677246,18.270000457763672,13.225000381469728,8.180000305175781,3.5038036775112156,0,5.161305098925915,373.520703645446,99.79881477215912,22.70745725946814,117.7959292282714,79260.05607295717,0,1,0.3225000381469727,1,NA,1,2,43.399999199435115,19.314634712432326
2017-03-27,86,Emerging,2.1465625431637467,2.7300000190734863,8.170000076293945,16.3799991607666,11.584999561309814,6.789999961853027,2.3586980490386487,0,5.946261510401281,374.59405369903715,128.28229531139488,26.068449827109507,85.95230358911334,79261.18916983451,0,1,0.15849995613098145,1,NA,1,2,46.1299992185086,21.673332761470974
2017-03-28,87,Emerging,2.17016895148024,0.07000000029802322,10.9399995803833,13.399999618530272,9.394999742507936,5.389999866485596,0.9442563326597218,0,6.411447727434852,372.56625035534194,147.5079489951804,29.33355228863557,63.464106017287136,79260.87241027114,0,1,0,1,NA,1,2,46.199999218806624,22.617589094130697
2017-03-29,88,Emerging,2.210277215257734,1.7699999809265137,18.5,15.09000015258789,10.105000019073486,5.119999885559082,1.6043305510997772,0,6.6397645203574545,370.8084252745668,160.55126625710187,32.449272696755564,47.31141565165995,79260.69191095565,0,1,0.01050000190734863,1,NA,1,2,47.96999919973314,24.22191964523047
2017-03-30,89,Emerging,2.3250880919985475,19.8700008392334,8.729999542236328,20.260000228881836,14.460000038146973,8.65999984741211,4.592435069632531,0,6.833925704282334,385.1272099856559,169.2271673724864,35.873957530140096,35.1469510512716,79263.80079714615,0,1,0.4460000038146973,1,NA,1,2,67.84000003896654,28.814354714863004
2017-03-31,90,Emerging,2.3250880919985475,2.1500000953674316,5.019999980926514,10.119999885559082,5.989999949932098,1.8600000143051147,0,0,7.094229580998914,386.0485032676431,174.66173350297487,39.25976947442745,26.24655642424849,79263.04219215062,0,1,0,1,NA,1,2,69.99000013433397,28.814354714863004
2017-04-01,91,Emerging,2.3545395376325584,0.05000000074505806,21.940000534057617,14.710000038146973,7.915000021457672,1.1200000047683716,1.1780578253604472,0,7.02088607064565,381.8692730315497,178.2049409040586,41.86676082424976,20.06840341398436,79262.52693201503,0,1,0,1,NA,1,2,70.04000013507903,29.99241254022345
2017-04-02,92,Emerging,2.411519858373497,0,18.34000015258789,16.8700008392334,10.74500036239624,4.619999885559082,2.279212829637528,0,6.927367487530561,377.9102433430326,180.18567289682665,44.62218104837223,15.318063226064837,79262.31941317837,0,1,0.07450003623962402,1,NA,1,2,70.04000013507903,32.27162536986098
2017-04-03,93,Emerging,2.50957703255305,6.070000171661377,6.789999961853027,18.90999984741211,13.75,8.59000015258789,3.922286967182159,0,7.043466506592096,381.89129933010014,180.53264050244783,48.04066915974696,11.527011096628872,79264.0359211702,0,1,0.375,1,NA,1,2,76.1100003067404,36.19391233704314
2017-04-04,94,Emerging,2.5335821695942617,2.5199999809265137,8.569999694824219,13.329999923706056,9.59500002861023,5.860000133514404,0.9602054816484452,0,7.318055019036224,382.01850558476866,179.62735179691217,51.81513080574827,8.621399984478012,79263.57891932296,0,1,0,1,NA,1,2,78.63000028766692,37.15411781869158
2017-04-05,95,Emerging,2.579788610557113,21.860000610351563,6.539999961853027,16.209999084472656,9.549999594688416,2.890000104904175,1.848257638514042,0,7.472731321403321,397.00092026060133,178.27850603039562,55.06415973074854,6.528565010456311,79264.01802521649,0,1,0,1,NA,1,2,100.49000089801848,39.00237545720562
2017-04-06,96,Emerging,2.579788610557113,9.520000457763672,11.770000457763672,9.260000228881836,4.840000107884407,0.41999998688697815,0,0,7.488792628155002,403.3376219142624,177.08000306279456,57.57496626324597,5.009066916321291,79263.34030027213,0,1,0,1,NA,1,2,110.01000135578215,39.00237545720562
2017-04-07,97,Emerging,2.5870807205843365,0,25.729999542236328,11.9399995803833,5.479999780654907,-0.9800000190734864,0.2916844010889532,0,7.309022583638897,397.96801546876816,175.77256307144935,59.888461458263855,3.8962110634209046,79262.4670887523,0,1,0,1,NA,1,2,110.01000135578215,39.29405985829458
2017-04-08,98,Emerging,2.64375316273788,0,24.6299991607666,17.770000457763672,9.195000231266022,0.6200000047683716,2.26689768614173,0,7.114553742153857,392.6285015962805,174.2213161640422,62.23240126902991,3.0378977280087844,79261.88228048655,0,1,0,1,NA,1,2,110.01000135578215,41.560957544436306
2017-04-09,99,Emerging,2.7980004294724203,0,18.63999938964844,23.38999938964844,16.109999656677246,8.829999923706055,6.169890669381618,0,7.184837575191094,387.63905175612626,171.47275154512616,65.64000184585143,2.329244134413312,79261.551326505185,0,1,0.6109999656677246,1,NA,1,2,110.01000135578215,47.73084821381793
2017-04-10,100,Vegetative,3.001706713189135,7.579999923706055,10.510000228881836,22.100000381469727,18.72000026702881,15.34000015258789,8.720000267028809,8.720000267028809,7.7335017859573725,391.18489134688167,166.79142833765795,70.88381626165834,1.7426717689284064,79264.32470803868,0.8720000267028809,1,0.8720000267028809,1,NA,1,3,117.5900012794882,56.45084848084674
2017-04-11,101,Vegetative,3.006481545031748,0.4000000059604645,18.459999084472656,15.369999885559082,10.62999987602234,5.889999866485596,1.7905619409799576,10.510562208008766,8.416297592582618,386.4152672060038,161.65880784931676,76.41093756458724,1.299707227581631,79262.4804197317,0.0629999876022339,1,0.0629999876022339,1,NA,1,3,117.99000128544867,58.24141042182669
2017-04-12,102,Vegetative,3.0131621446743746,0,23.959999084472656,17.790000915527344,10.425000429153442,3.059999942779541,2.505224865984917,13.015787073993682,8.717364117984753,380.20504423907806,157.4984624552842,80.8353183886082,0.9829199542493876,79260.77315770813,0.04250004291534424,1,0.04250004291534424,1,NA,1,3,117.99000128544867,60.74663528781161
2017-04-13,103,Vegetative,3.0274825433801276,2.5799999237060547,12.720000267028809,22.6200008392334,14.96500039100647,7.309999942779541,5.370149514657259,18.385936588650942,8.827500276231014,378.13660843453766,153.21314983706134,85.27633604413583,0.7441129984652012,79260.09224256763,0.496500039100647,1,0.496500039100647,0.9999999999999998,NA,1,3,120.57000120915473,66.11678480246887
2017-04-14,104,Vegetative,3.0455892099450685,4.590000152587891,16.709999084472656,24.260000228881836,16.789999961853027,9.31999969482422,6.789999961853027,25.17593655050397,9.122384488369011,377.1185642426371,147.8612022698617,90.71697997119308,0.558075170729523,79260.65368301063,0.6789999961853028,1,0.6789999961853028,1,NA,1,3,125.16000136174262,72.9067847643219
2017-04-15,105,Vegetative,3.0750692082157394,1.919999957084656,20.709999084472656,25.959999084472656,21.054999351501465,16.149999618530273,11.054999351501465,36.230935902005434,9.651585777896951,372.42659846937175,141.120415599697,97.45361317431544,0.41403732482384775,79260.96214556848,1,1,1,0.9999999999999998,NA,1,3,127.08000131882727,83.96178411582336
2017-04-16,106,Vegetative,3.09437587554362,1.7899999618530271,12.75,24.030000686645508,17.240000247955322,10.449999809265137,7.240000247955322,43.47093614996076,10.356770598425625,369.4263750594865,133.64362099250172,104.96277945919942,0.30587174459863714,79259.17802692213,0.7240000247955323,1,0.7240000247955323,1,NA,1,3,128.8700012806803,91.20178436377869
2017-04-17,107,Vegetative,3.1075897241400976,0,21.170000076293945,21.299999237060547,14.71999979019165,8.140000343322754,4.955193223679065,48.426129373639824,10.894000968632612,366.3567717116088,126.2304850253319,112.38036556350224,0.22658419603721863,79255.92848647421,0.4719999790191651,1,0.4719999790191651,1,NA,1,3,128.8700012806803,96.15697758745775
2017-04-18,108,Vegetative,3.124498581061516,0,24.260000228881836,24.360000610351563,16.080000400543213,7.800000190734863,6.340821345531941,54.76695071917177,11.352224680336192,363.5158458503675,118.5609839953252,120.00857633130214,0.16801769979641862,79251.98913921122,0.6080000400543213,1,0.6080000400543213,1,NA,1,3,128.8700012806803,102.49779893298968
2017-04-19,109,Vegetative,3.151938580959791,1.9700000286102295,14,24.270000457763672,20.289999961853027,16.309999465942383,10.289999961853026,65.05695068102479,11.871509087411605,360.8859813796822,110.42613326661872,128.06058659386997,0.12458017094237692,79247.97752524253,1,1,1,1,NA,1,3,130.84000130929053,112.78779889484271
2017-04-20,110,Vegetative,3.171114260554498,4.570000171661377,16.520000457763672,25.309999465942383,17.164999961853027,9.020000457763672,7.19087984801531,72.2478305290401,12.31948307490871,360.40609276065345,102.61892811807785,135.82720761537186,0.0927696773285709,79245.6963106369,0.7164999961853028,1,0.7164999961853028,1,NA,1,3,135.4100014809519,119.97867874285802
2017-04-21,111,Vegetative,3.172371331059918,0.00999999977648258,16.31999969482422,12.109999656677246,8.414999723434448,4.71999979019165,0.4714014395326376,72.71923196857274,12.495392246713498,356.8735433430183,96.47337427515744,142.00554764218182,0.06980458495127864,79241.8649709999,0,1,0,1,NA,1,3,135.4200014807284,120.45008018239066
2017-04-22,112,Vegetative,3.174214620453711,0.00999999977648258,19.719999313354492,12.850000381469728,8.540000200271606,4.230000019073486,0.6912335226721679,73.4104654912449,12.18346475150441,354.8651652198377,91.77902633719891,146.72558946286748,0.05309092482000585,79238.77657007994,0,1,0,1,NA,1,3,135.43000148050487,121.14131370506283
2017-04-23,113,Vegetative,3.183433033267002,0,28.280000686645508,20.600000381469727,11.165000200271606,1.7300000190734863,3.4569048049839903,76.8673702962289,11.864413462841371,353.08454416392215,87.07115722597166,151.4213857051776,0.04054184133296221,79235.67327266365,0.11650002002716064,1,0.11650002002716064,0.9999999999999998,NA,1,3,135.43000148050487,124.59821851004682
2017-04-24,114,Vegetative,3.1958676789560343,0,27.739999771118164,22.6200008392334,13.540000438690186,4.460000038146973,4.662992133387242,81.53036242961613,11.90647717441866,351.46271727276365,81.70864594929392,156.7449266222966,0.0309664158203391,79231.8594130049,0.35400004386901857,1,0.35400004386901857,1,NA,1,3,135.43000148050487,129.26121064343405
2017-04-25,115,Vegetative,3.2162229536015405,0,24.63999938964844,24.34000015258789,17.954999923706055,11.56999969482422,7.633227992064699,89.16359042168084,12.26774072635906,350.00270446344905,75.40492158881295,162.95399177825317,0.02362579701747932,79226.97293783813,0.7954999923706055,1,0.7954999923706055,1,NA,1,3,135.43000148050487,136.89443863549877
2017-04-26,116,Vegetative,3.2421830802500606,7.670000076293945,22.010000228881836,25.3700008392334,20.26500034332275,15.15999984741211,9.735047493195124,98.89863791487596,12.8572778587828,352.1590784627112,68.73002307768155,169.5198251886889,0.01802922631325695,79225.24057335724,1,1,1,1,NA,1,3,143.10000155679882,146.62948612869388
2017-04-27,117,Vegetative,3.2487780911348225,3.5399999618530273,9.789999961853027,16.729999542236328,12.114999771118164,7.5,2.4731290817857112,101.37176699666168,13.245001312483184,353.1895474368321,63.295006255804616,174.97486214717793,0.01381926250393273,79221.73874785693,0.2114999771118164,1,0.2114999771118164,1,NA,1,3,146.64000151865184,149.1026152104796
2017-04-28,118,Vegetative,3.253652321470041,7.550000190734863,7.199999809265137,15.40999984741211,11.264999866485596,7.119999885559082,1.8278363757068248,103.1996033723685,13.0737594622419,358.89307060216964,59.34620205016496,178.95948770708037,0.01065717463436639,79219.00250110048,0.12649998664855958,1,0.12649998664855958,0.9999999999999998,NA,1,3,154.1900017093867,150.93045158618642
2017-04-29,119,Vegetative,3.2658580856515025,34.810001373291016,6.059999942779541,19.06999969482422,15,10.93000030517578,4.577161568048184,107.77676494041668,12.702130903072929,380.5248738983791,57.11451974918145,180.27144861630893,0.00826016659372599,79218.58872960978,0.5,1,0.5,1,NA,1,3,189.00000308267772,155.5076131542346
2017-04-30,120,Vegetative,3.286641200104356,19.63999938964844,7.420000076293945,20.729999542236328,18.614999771118164,16.5,7.793667919820028,115.5704328602367,12.5375492015556,394.5314756979998,54.70777731291307,181.65371555853244,0.00643251957759528,79218.9095808095,0.8614999771118165,1,0.8614999771118165,0.9999999999999998,NA,1,3,208.64000247232616,163.30128107405463
2017-05-01,121,Vegetative,3.2917603559081536,1.9800000190734863,9.479999542236328,16.020000457763672,11.265000343322754,6.510000228881836,1.919683426424049,117.49011628666076,12.586520989736169,394.40439176166416,51.29263792831145,184.3335224393965,0.00502599070995484,79217.18709033953,0.1265000343322754,1,0.1265000343322754,1,NA,1,3,210.62000249139965,165.2209645004787
2017-05-02,122,Vegetative,3.293913013827068,0.25,15.579999923706056,13.539999961853027,8.759999990463257,3.9800000190734863,0.8072467195930474,118.2973630062538,12.443943345473937,391.4893896102071,48.39515171451674,186.87251822529183,0.00394319152925461,79214.93564647822,0,1,0,0.9999999999999998,NA,1,3,210.87000249139965,166.02821122007174
2017-05-03,123,Vegetative,3.2950638096443305,4.449999809265137,15.09000015258789,12.4399995803833,7.579999804496765,2.7200000286102295,0.4315484314733047,118.7289114377271,12.113647757157189,392.8456337813023,46.017091423913946,188.9042648288092,0.00310608788735019,79212.97186334725,0,1,0,1,NA,1,3,215.32000230066478,166.45975965154503
2017-05-04,124,Vegetative,3.2950638096443305,41.66999816894531,5.21999979019165,8.489999771118164,6.7749998569488525,5.059999942779541,0,118.7289114377271,11.70143296639162,414.63432901953473,44.92873724061441,189.0751653566622,0.00245873063971332,79211.94575856472,0,1,0,1,NA,1,3,256.9900004696101,166.45975965154503
2017-05-05,125,Vegetative,3.297335628405947,1.8200000524520872,18.31999969482422,13.81999969482422,8.81499981880188,3.809999942779541,0.85193203560625,119.58084347333336,11.194725448165851,412.2418624930737,43.43438718326149,189.9110661714501,0.00195398484401099,79210.89327286473,0,1,0,0.9999999999999998,NA,1,3,258.8100005220622,167.3116916871513
2017-05-06,126,Vegetative,3.3003873306202394,2.049999952316284,27.700000762939453,14.829999923706056,9.230000019073486,3.630000114440918,1.1443883303596254,120.725231803693,10.86567446679878,408.1305470099069,41.73810053321319,191.23694693949216,0.00155801002754806,79209.39944691808,0,1,0,0.9999999999999998,NA,1,3,260.86000047437847,168.4560800175109
2017-05-07,127,Vegetative,3.3032047380623393,0,29.829999923706055,15.039999961853027,7.864999979734421,0.6899999976158142,1.0565277907874977,121.78175959448048,10.656725875726533,401.9419522609625,40.08128363167093,192.65251704014744,0.00124599942928809,79207.61224397756,0,1,0,1,NA,1,3,260.86000047437847,169.5126078082984
2017-05-08,128,Vegetative,3.30781938460361,9.529999732971191,27.459999084472656,17.579999923706055,8.639999955892563,-0.30000001192092896,1.7304924529764902,123.51225204745698,10.476144943521774,404.49201096831007,38.56360984271571,193.94385296915812,9.991970062662758e-4,79206.13209896199,0,1,0,1,NA,1,3,270.39000020734966,171.2431002612749
2017-05-09,129,Vegetative,3.315419484761673,10.359999656677246,11.229999542236328,18.63999938964844,13.059999704360962,7.480000019073486,2.8500375592736016,126.36228960673058,10.35677512907038,409.85718007764774,36.98185700715277,194.9611370925012,8.031553813644035e-4,79205.44826044673,0.3059999704360962,1,0.3059999704360962,1,NA,1,3,280.7499998640269,174.0931378205485
2017-05-10,130,Vegetative,3.3312269695237737,8.9399995803833,22.700000762939453,24.88999938964844,17.374999523162842,9.859999656677246,5.927806785787711,132.2900963925183,10.456851636462693,411.2401024526908,35.01559544934992,196.1846239529758,6.46756639603342e-4,79205.16414176936,0.7374999523162842,1,0.7374999523162842,1,NA,1,3,289.6899994444102,180.0209446063362
2017-05-11,131,Vegetative,3.341512492968707,3.809999942779541,10.489999771118164,18.899999618530273,14.855000019073486,10.8100004196167,3.857071291850117,136.1471676843684,10.8778385108701,409.9935575927439,32.78449021803694,197.77702883861153,5.21568752418345e-4,79203.93455267543,0.48550000190734866,1,0.48550000190734866,1,NA,1,3,293.49999938718975,183.87801589818633
2017-05-12,132,Vegetative,3.352684755250084,0,27.649999618530273,21.229999542236328,15.334999561309814,9.4399995803833,4.189598355516124,140.33676603988454,11.227102749700968,401.4824931314849,30.618700866319553,199.59115764299693,4.211709838102808e-4,79201.77920584095,0.5334999561309814,1,0.5334999561309814,1,NA,1,3,293.49999938718975,188.06761425370246
2017-05-13,133,Vegetative,3.365043192215143,0,26.559999465942383,23.68000030517578,15.660000085830688,7.639999866485596,4.634413861897228,144.97117990178177,11.56811497213794,394.66201906252536,28.422532933657436,201.48098985076672,3.404615417536579e-4,79199.08791902632,0.5660000085830689,1,0.5660000085830689,1,NA,1,3,293.49999938718975,192.7020281155997
2017-05-14,134,Vegetative,3.384137734598521,0,26.8799991607666,26.65999984741211,19.329999923706055,12,7.16045339376687,152.13163329554862,12.030488781102353,389.0251310818806,25.912542062424784,203.6583430144719,2.754214634620581e-4,79195.53637421683,0.9329999923706056,1,0.9329999923706056,0.9999999999999998,NA,1,3,293.49999938718975,199.86248150936655
2017-05-15,135,Vegetative,3.404979590930593,0,26.40999984741211,27.700000762939453,20.300000190734863,12.899999618530272,7.815696124526929,159.94732942007556,12.7831316754087,384.0998151167711,23.003439821986067,206.2610733988652,2.228952899503852e-4,79190.75770408829,1,1,1,1,NA,1,3,293.49999938718975,207.67817763389348
2017-05-16,136,Vegetative,3.4292299546514347,0,26.170000076293945,27.829999923706055,22.11999988555908,16.40999984741211,9.093886395315575,169.04121581539113,13.707719571508528,379.3550624109651,19.89943659915174,209.0846299245036,1.8041341368766416e-4,79185.14201274126,1,1,1,1,NA,1,3,293.49999938718975,216.77206402920905
2017-05-17,137,Vegetative,3.4550916739109256,0.07999999821186066,20.739999771118164,26.219999313354492,23.06999969482422,19.920000076293945,9.698144722309149,178.73936053770026,14.706040700545223,374.91277693846706,16.84813488641917,211.90199661882295,1.4602005748376318e-4,79178.86726575923,1,1,1,1,NA,1,3,293.5799993854016,226.47020875151821
2017-05-18,138,Vegetative,3.478791586572739,5.880000114440918,24.729999542236328,29.13999938964844,22.10999965667725,15.079999923706056,8.887467248180158,187.62682778588044,15.523430595521988,372.32411412236456,14.332341437372158,214.1841905088868,1.1816928310637736e-4,79174.46195003175,1,1,1,1,NA,1,3,299.4599994998425,235.35767599969836
2017-05-19,139,Vegetative,3.490765133270507,10.789999961853027,12.869999885559082,22.81999969482422,16.18499994277954,9.550000190734863,4.490080011662903,192.11690779754335,15.902552910902168,377.44421963530334,12.528382520798656,215.8988998941338,9.562363004833408e-5,79170.1737467014,0.6184999942779541,1,0.6184999942779541,1,NA,1,3,310.24999946169555,239.84775601136127
2017-05-20,140,Vegetative,3.5037123137669353,22.38999938964844,10.81999969482422,23.649999618530273,16.759999752044678,9.869999885559082,4.8551926861606285,196.97210048370397,15.792913066031636,390.3930752911126,11.61965909768228,215.8308486088876,7.738952748481025e-5,79168.12741633863,0.6759999752044679,1,0.6759999752044679,1,NA,1,3,332.639998851344,244.7029486975219
2017-05-21,141,Vegetative,3.513201524779722,4.21999979019165,21.270000457763672,20.88999938964844,14.954999923706056,9.020000457763672,3.558454129794931,200.5305546134989,15.535151540476733,388.24879679868695,10.459563844012358,216.2384165184019,6.265062302180275e-5,79165.63785837808,0.4954999923706055,1,0.4954999923706055,1,NA,1,3,336.85999864153564,248.26140282731683
2017-05-22,142,Vegetative,3.5228884326560683,0,28.829999923706055,22.149999618530273,14.769999742507936,7.389999866485596,3.6325904536298257,204.1631450671287,15.234746374146862,380.7280121200725,9.53555889804332,216.8303162299327,5.073942368120109e-5,79162.39998070193,0.4769999742507935,1,0.4769999742507935,0.9999999999999998,NA,1,3,336.85999864153564,251.89399328094666
2017-05-23,143,Vegetative,3.5347889639019976,0.6200000047683716,19.34000015258789,21.350000381469727,16.410000324249268,11.470000267028809,4.462699217223615,208.62584428435235,14.97028359236726,375.5923537280531,8.72825660285411,217.36702931240615,4.111154838656475e-5,79159.18398130116,0.6410000324249268,1,0.6410000324249268,0.9999999999999996,NA,1,3,337.479998646304,256.3566924981703
2017-05-24,144,Vegetative,3.5434831532928,6.989999771118164,7.690000057220459,17.6299991607666,14.729999542236328,11.829999923706056,3.2603210215507477,211.8861653059031,14.812170424530567,379.34265211142616,8.016541798198395,217.8575523539752,3.33259314298234e-5,79156.30457161466,0.4729999542236328,1,0.4729999542236328,1,NA,1,3,344.4699984174222,259.617013519721
2017-05-25,145,Vegetative,3.55434067942044,1.399999976158142,9.449999809265137,20.56999969482422,15.964999675750732,11.359999656677246,4.071572297865163,215.9577376037683,14.603754251880222,377.3581359391112,7.407094201753795,218.29692198424945,2.7027031519506857e-5,79153.54855573157,0.5964999675750733,1,0.5964999675750733,0.9999999999999998,NA,1,3,345.8699983935803,263.68858581758616
2017-05-26,146,Vegetative,3.5693678468965,7.739999771118164,21.700000762939453,25.350000381469727,18.335000038146973,11.31999969482422,5.635187803522337,221.5929254072906,14.487324864727164,379.2400320543223,6.823291999371095,218.48083567941788,2.1928300382714607e-5,79150.99373098259,0.8335000038146974,1,0.8335000038146974,1,NA,1,3,353.6099981646985,269.3237736211085
2017-05-27,147,Vegetative,3.587881682156143,1.190000057220459,15.1899995803833,26.040000915527344,20.36500024795532,14.6899995803833,6.942688222366483,228.5356136296571,14.620808775827864,375.5970777948965,6.2440666413125925,218.73763702514896,1.7798219721321457e-5,79147.96383093775,1,1,1,1,NA,1,3,354.79999822191894,276.266461843475
2017-05-28,148,Vegetative,3.606237419555585,5.159999847412109,18.350000381469727,24.93000030517578,20.37000036239624,15.8100004196167,6.8834015247905675,235.4190151544477,14.9219393002574,375.3561117218997,5.683334147682124,218.9351259872456,1.4450390864894874e-5,79144.63484422101,1,1,1,1,NA,1,3,359.95999806933105,283.1498633682656
2017-05-29,149,Vegetative,3.623011292202406,0.30000001192092896,25.329999923706055,26.030000686645508,19.5600004196167,13.09000015258789,6.29020224255754,241.7092173970052,15.245000251010527,369.0808454633315,5.1799815414356685,219.0461261510686,1.1734889828333358e-5,79140.88414485006,0.95600004196167,1,0.95600004196167,1,NA,1,3,360.259998081252,289.4400656108231
2017-05-30,150,Vegetative,3.63536332669093,0.3199999928474426,26.149999618530273,22.530000686645508,17.100000381469727,11.670000076293944,4.632012933196758,246.34123033020197,15.4868295680711,363.3908727689093,4.753072123089313,219.17890826805305,9.53111641807662e-6,79136.92308737185,0.7100000381469727,1,0.7100000381469727,1,NA,1,3,360.5799980740994,294.07207854401986
2017-05-31,151,Vegetative,3.648399422037155,0.10999999940395357,30.6299991607666,22.829999923706055,17.554999828338623,12.279999732971191,4.888535754834375,251.22976608503637,15.634794415407487,360.05702408339874,4.368589931676114,219.22837373457455,7.741943030268233e-6,79132.70015401677,0.7554999828338623,1,0.7554999828338623,1,NA,1,3,360.6899980735034,298.96061429885424
2017-06-01,152,Vegetative,3.6614612719682302,0,30.989999771118164,25.100000381469727,17.630000114440918,10.15999984741211,4.898193724153175,256.1279598091895,15.93900574956142,357.2295176781021,4.00393387488493,219.23325338213863,6.288878398020316e-6,79128.01082508599,0.7630000114440918,1,0.7630000114440918,1,NA,1,3,360.6899980735034,303.8588080230074
2017-06-02,153,Vegetative,3.67770347921962,0,29.110000610351563,27.559999465942383,19.55999994277954,11.5600004196167,6.0908277192712825,262.2187875284608,16.345801768351112,354.4481764332963,3.668838266593718,219.11481514009205,5.10842371241233e-6,79123.03218382395,0.955999994277954,1,0.955999994277954,1,NA,1,3,360.6899980735034,309.9496357422787
2017-06-03,154,Vegetative,3.697058449546825,0,25.479999542236328,29.25,21.47499990463257,13.699999809265137,7.258113872701706,269.4769014011625,16.840205538547064,351.7465204855516,3.361234672556047,218.9435192114801,4.149203824461738e-6,79117.69308909308,1,1,1,1,NA,1,3,360.6899980735034,317.2077496149804
2017-06-04,155,Vegetative,3.7186757629553338,3.2200000286102295,19.459999084472656,27.549999237060547,22.90499973297119,18.260000228881836,8.106492528190937,277.5833939293534,17.36350181099507,349.22641465732846,3.101074673254105,218.75601961863973,3.3696349698009095e-6,79112.2749475833,1,1,1,1,NA,1,3,363.9099981021136,325.3142421431713
2017-06-05,156,Vegetative,3.737972108353261,1.690000057220459,28.290000915527344,28.540000915527344,21.59500026702881,14.649999618530272,7.236129524222656,284.81952345357604,17.690989332513396,347.00614576014425,2.8868493126914645,218.45398319515485,2.7360469900226862e-6,79106.88788626457,1,1,1,1,NA,1,3,365.59999815933406,332.550371667394
2017-06-06,157,Vegetative,3.7509061312374863,0,29.81999969482422,23.6200008392334,17.820000648498535,12.020000457763672,4.850258581584644,289.66978203516067,18.006065837414546,344.5104359572384,2.7087853961685893,218.23709500811051,2.221132956679319e-6,79101.50798373771,0.7820000648498535,1,0.7820000648498535,0.9999999999999998,NA,1,3,365.59999815933406,337.40063024897864
2017-06-07,158,Vegetative,3.7626720553909583,0,30.40999984741211,22.84000015258789,17.15500020980835,11.470000267028809,4.412221557551948,294.0820035927126,18.19086663439509,342.3731748075607,2.566987680393167,218.01440489102225,1.8027096139904923e-6,79096.32106565306,0.715500020980835,1,0.715500020980835,1,NA,1,3,365.59999815933406,341.8128518065306
2017-06-08,159,Vegetative,3.7755360710357855,0,31.209999084472656,24.920000076293945,17.865000247955322,10.8100004196167,4.824005866810116,298.90600945952275,18.28470607258269,340.4974511166338,2.449819104745445,217.70221775784785,1.4627514815325064e-6,79091.21766029825,0.7865000247955323,1,0.7865000247955323,1,NA,1,3,365.59999815933406,346.63685767334067
2017-06-09,160,Vegetative,3.7939835579969072,0.6000000238418579,24.190000534057617,27.549999237060547,21.334999561309814,15.119999885559082,6.917807610420532,305.8238170699433,18.43464324491989,338.57751028318944,2.347559542409853,217.28146999301893,1.1865953777815718e-6,79086.01100966542,1,1,1,1,NA,1,3,366.1999981831759,353.5546652837612
2017-06-10,161,Vegetative,3.813489227030936,0,29.219999313354492,27.68000030517578,22.039999961853027,16.399999618530273,7.314625887760809,313.1384429577041,18.713151654364633,336.72854320584736,2.2525866673172796,216.77121074068776,9.623069617789794e-7,79080.469361735,1,1,1,1,NA,1,3,366.1999981831759,360.86929117152204
2017-06-11,162,Vegetative,3.8346164943493606,0,29.760000228881836,29.18000030517578,23.09500026702881,17.010000228881836,7.92272524440927,321.0611682021134,19.170929072155488,334.71148249547485,2.164473737372358,216.20592317407065,7.801764205716755e-7,79074.56625252697,1,1,1,1,NA,1,3,366.1999981831759,368.7920164159313
2017-06-12,163,Vegetative,3.8587483033876966,0,27.850000381469727,31.149999618530273,25.354999542236328,19.559999465942383,9.049428389376065,330.11059659148947,19.73235488834102,332.5692133940565,2.082820385843163,215.6209911764906,6.323065137122169e-7,79068.28208536253,1,1,1,1,NA,1,3,366.1999981831759,377.8414448053074
2017-06-13,164,Vegetative,3.8846316527283946,14.170000076293944,20.40999984741211,30.020000457763672,26.155000686645508,22.290000915527344,9.706256002761595,339.8168525942511,20.30970054673717,341.2300539648913,2.0196745192521064,215.11466507560257,5.122763681593619e-7,79062.709527555955,1,1,1,0.9999999999999998,NA,1,3,380.36999825946987,387.54770080806895
2017-06-14,165,Vegetative,3.909611508674618,21.329999923706055,20.780000686645508,29.09000015258789,25.635000228881836,22.18000030517578,9.367445979833846,349.18429857408495,20.571420133354422,356.3284404924337,1.9414001740256832,214.19241238727423,4.148680037642391e-7,79058.28250807567,1,1,1,1,NA,1,3,401.6999981831759,396.9151467879028
2017-06-15,166,Vegetative,3.931910523452947,7.760000228881836,23.93000030517578,27.13999938964844,23.989999771118164,20.84000015258789,8.362130541873295,357.54642911595823,20.64832328592313,358.7752748337225,1.8798917559576127,213.16942539006004,3.3584252926232625e-7,79054.08905974185,1,1,1,1,NA,1,3,409.45999841205776,405.2772773297761
2017-06-16,167,Vegetative,3.9538331548730055,0.1599999964237213,24.010000228881836,29.56999969482422,23.77999973297119,17.989999771118164,8.22098678252196,365.7674158984802,20.59408912924951,353.6389923311889,1.867242111627074,212.47503085977004,2.7175450509399897e-7,79049.15932809471,1,1,1,1,NA,1,3,409.6199984084815,413.49826411229805
2017-06-17,168,Vegetative,3.977360632534124,8.199999809265137,19.110000610351563,28.81999969482422,24.809999465942383,20.799999237060547,8.822804122919418,374.5902200213996,20.518534299157437,356.8346996598096,1.8428314159700103,211.6951936785128,2.198019061648275e-7,79044.7050310178,1,1,1,0.9999999999999998,NA,1,3,417.8199982177466,422.32106823521747
2017-06-18,169,Vegetative,3.9954771948129704,10.710000038146973,21.68000030517578,26.110000610351563,21.414999961853027,16.719999313354492,6.793710854567433,381.38393087596705,20.45792378125452,362.60710979378575,1.801158092958909,210.5752274904394,1.777048775665263e-7,79041.10885352269,1,1,1,1,NA,1,3,428.5299982558936,429.1147790897849
2017-06-19,170,EarlyFlowering,4.0359087768738355,2.240000009536743,27.600000381469727,25.049999237060547,20.09499979019165,15.140000343322754,6.005105169996406,387.38903604596345,20.269098481537853,359.1970523369996,1.7950286254691876,209.7180852043904,1.4360900599616325e-7,79037.01759791028,1,1,1,1,NA,1,4,430.76999826543033,435.1198842597813
2017-06-20,171,EarlyFlowering,4.087783947229834,1.8799999952316284,30.270000457763672,27.68000030517578,20.46500015258789,13.25,6.225020442719823,393.6140564886833,19.963709714598377,354.7679571487004,1.7955779427376044,208.868209675675,1.1600626361189474e-7,79033.02530166754,1,1,1,1,NA,1,4,432.64999826066196,441.34490470250114
2017-06-21,172,EarlyFlowering,4.152005589438833,0.9100000262260436,27.31999969482422,28.15999984741211,22.949999809265137,17.739999771118164,7.706597065079796,401.32065355376307,19.71966086424512,350.1893878775996,1.7942898671177543,208.1167879111292,9.367052749056209e-8,79028.90312416654,1,1,1,1,NA,1,4,433.559998286888,449.05150176758093
2017-06-22,173,EarlyFlowering,4.227776673860642,8.770000457763672,18.09000015258789,28.739999771118164,25.26500034332275,21.790000915527344,9.092530130617178,410.4131836843802,19.73630030177647,354.08493204047045,1.7884411280429988,207.5974470797987,7.560497269674406e-8,79024.67748027138,1,1,1,0.9999999999999998,NA,1,4,442.3299987446517,458.14403189819814
2017-06-23,174,EarlyFlowering,4.281036131557282,16.18000030517578,9.59000015258789,24.760000228881836,20.71500015258789,16.670000076293945,6.391134923596743,416.80431860797694,19.858429336905488,366.4518969650852,1.8422822937328909,206.54383912393007,6.099954702993858e-8,79022.01919462606,1,1,1,1,NA,1,4,458.50999904982746,464.53516682179486
2017-06-24,175,EarlyFlowering,4.321795050239076,0.00999999977648258,28.360000610351563,23.09000015258789,18.18499994277954,13.279999732971191,4.891070241815216,421.69538884979215,19.74325430919013,361.56478280893583,1.8079279406657267,205.76235649109847,4.9196513742202814e-8,79018.56902192814,0.8184999942779542,1,0.8184999942779542,1,NA,1,4,458.51999904960394,469.4262370636101
2017-06-25,176,EarlyFlowering,4.357531898589418,0,26.510000228881836,21.940000534057617,17.160000324249268,12.380000114440918,4.28842180204105,425.9838106518332,19.440918915445454,356.2269071253269,1.7979210941369268,205.17016745187263,3.9662184647706534e-8,79015.11624521323,0.7160000324249268,1,0.7160000324249268,1,NA,1,4,458.51999904960394,473.71465886565113
2017-06-26,177,EarlyFlowering,4.388837888796819,2.5399999618530273,22.290000915527344,21.920000076293945,16.255000114440918,10.59000015258789,3.7567188248881465,429.74052947672135,19.033199377255983,354.5085672390631,1.7911892852002809,204.7750116235834,3.1963721469803245e-8,79011.90634551586,0.6255000114440918,1,0.6255000114440918,1,NA,1,4,461.05999901145697,477.47137769053927
2017-06-27,178,EarlyFlowering,4.419616755769249,0.00999999977648258,29.43000030517578,22.799999237060547,16.12999963760376,9.460000038146973,3.69346403669172,433.43399351341304,18.59507481546816,349.40035935844577,1.7862322269474131,204.34955057804763,2.5750231979543777e-8,79008.85513596116,0.612999963760376,1,0.612999963760376,1,NA,1,4,461.06999901123345,481.164841727231
2017-06-28,179,EarlyFlowering,4.463232524553589,0,22.309999465942383,25.530000686645508,18.65500020980835,11.779999732971191,5.233892254120631,438.6678857675337,18.248131611567295,346.14262503741446,1.7808291211472214,203.8943007058904,2.0737352008721705e-8,79005.78037380942,0.865500020980835,1,0.865500020980835,1,NA,1,4,461.06999901123345,486.39873398135165
2017-06-29,180,EarlyFlowering,4.5355397773510635,10.0600004196167,22.1200008392334,28.649999618530273,24.289999961853027,19.93000030517578,8.676870335697021,447.3447561032307,18.21400508476864,351.2585048557201,1.7716959401294137,203.36361642665685,1.66947130783152e-8,79002.55463695366,1,1,1,1,NA,1,4,471.12999943085015,495.07560431704866
2017-06-30,181,EarlyFlowering,4.607919692484278,32.2599983215332,12.9399995803833,28.049999237060547,24.239999771118164,20.43000030517578,8.685589815985741,456.0303459192164,18.48112277752072,372.81748676945864,1.8052551889171369,202.06324619165596,1.3435763422240282e-8,79000.5284597658,1,1,1,0.9999999999999998,NA,1,4,503.38999775238335,503.7611941330344
2017-07-01,182,EarlyFlowering,4.671820324336256,2.25,27.170000076293945,27.290000915527344,22.510000228881836,17.729999542236328,7.668075822237418,463.69842174145384,18.77222549494754,369.8370146445926,1.7587212547529956,200.85415634515775,1.0809513222401584e-8,78997.71161253951,1,1,1,0.9999999999999998,NA,1,4,505.63999775238335,511.4292699552718
2017-07-02,183,EarlyFlowering,4.7309788113267235,0.47999998927116394,29.440000534057617,27.959999084472656,21.519999504089355,15.079999923706056,7.099018438856089,470.79744018030993,18.970287544854024,363.99746427237545,1.7364882126169994,199.8190908600143,8.693838559712431e-9,78994.41549765755,1,1,1,1,NA,1,4,506.1199977416545,518.5282883941279
2017-07-03,184,EarlyFlowering,4.805403631306762,3.190000057220459,25.670000076293945,29.510000228881836,24.40999984741211,19.309999465942383,8.930978397604482,479.7284185779144,19.083123885663863,360.7429691787292,1.71817274175478,198.99642088466277,6.990025370021932e-9,78991.03188874855,1,1,1,1,NA,1,4,509.309997798875,527.4592667917324
2017-07-04,185,EarlyFlowering,4.8815842758493835,1.3600000143051147,25.420000076293945,28.739999771118164,24.65999984741211,20.579999923706055,9.141677345114706,488.8700959230291,19.290331720203895,356.5943233699289,1.6995797852121366,198.33525676781264,5.618336533153222e-9,78987.37030873909,1,1,1,1,NA,1,4,510.6699978131801,536.600944136847
2017-07-05,186,EarlyFlowering,4.948611113769064,0.12999999523162842,20.760000228881836,27,22.8149995803833,18.6299991607666,8.043220550361676,496.9133164733908,19.561150501133913,351.6772400405683,1.683508775377621,197.8871939685556,4.514368383119886e-9,78983.62064988163,1,1,1,1,NA,1,4,510.7999978084117,544.6441646872088
2017-07-06,187,EarlyPodDevelopment,5.02210484308162,0.8700000047683716,20.75,28.860000610351563,24.655000686645508,20.450000762939453,9.261344379139125,506.17466085252994,19.733567414461017,348.03280111715435,1.669801750252731,197.6610415727316,3.626133155042318e-9,78979.84610859814,1,1,1,1,NA,1,5,511.6699978131801,553.9055090663479
2017-07-07,188,EarlyPodDevelopment,5.084211705016034,19.559999465942383,18.440000534057617,29.420000076293945,23.65999984741211,17.899999618530273,8.694960670817881,514.8696215233479,19.921018887129016,362.49439268102776,1.618213225695197,196.82566686039763,2.911689940935163e-9,78976.84941461628,1,1,1,0.9999999999999998,NA,1,5,531.2299972791225,562.6004697371658
2017-07-08,189,EarlyPodDevelopment,5.13114445057611,0.30000001192092896,29.010000228881836,24.6200008392334,20.24500036239624,15.869999885559082,6.570584378410662,521.4402059017585,20.007823342552868,356.73583320709577,1.6144900286669928,196.07545438086785,2.3372114216979273e-9,78973.36755182738,1,1,1,0.9999999999999998,NA,1,5,531.5299972910434,569.1710541155765
2017-07-09,190,EarlyPodDevelopment,5.181102673248014,0.41999998688697815,28.729999542236328,27.40999984741211,20.81999969482422,14.229999542236328,6.9941511740665785,528.4343570758251,19.890933400480243,351.25481475970815,1.6138911832460665,195.09462863179752,1.8754223134910867e-9,78970.12476476912,1,1,1,0.9999999999999996,NA,1,5,531.9499972779304,576.165205289643
2017-07-10,191,EarlyPodDevelopment,5.251464723205245,9.470000267028809,13.800000190734863,29.510000228881836,25.114999771118164,20.719999313354492,9.85068699401237,538.2850440698375,19.781998315235477,355.8582029878483,1.6007660844154976,194.10150150368975,1.5043374374162103e-9,78967.06736169306,1,1,1,1,NA,1,5,541.4199975449592,586.0158922836554
2017-07-11,192,EarlyPodDevelopment,5.326509862564978,23.940000534057617,11.75,28.979999542236328,25.98499965667725,22.989999771118164,10.506319510362646,548.7913635802001,19.881752246067535,372.36394600145,1.660382116578773,192.6630849415415,1.206240048214724e-9,78965.14339838047,1,1,1,1,NA,1,5,565.3599980790168,596.5222117940181
2017-07-12,193,EarlyPodDevelopment,5.397218492470344,7.960000038146973,16.309999465942383,28.81999969482422,24.93000030517578,21.040000915527344,9.89920818675125,558.6905717669514,20.09782675124539,376.7624750153034,1.7148312446653684,191.16047148237132,9.668565625580847e-10,78963.16301015907,1,1,1,1,NA,1,5,573.3199981171638,606.4214199807693
2017-07-13,194,EarlyPodDevelopment,5.467875252970456,10.119999885559082,16.969999313354492,28.360000610351563,24.78499984741211,21.209999084472656,9.89194647001565,568.5825182369671,20.310109512312273,382.6943904691864,1.7633936529561174,189.51624094742365,7.746932977447667e-10,78961.21001126897,1,1,1,1,NA,1,5,583.4399980027229,616.3133664507849
2017-07-14,195,EarlyPodDevelopment,5.520789176042279,0.03999999910593033,25.5,25.88999938964844,20.969999313354492,16.049999237060547,7.40794923005521,575.9904674670223,20.43700478120668,377.7179208238396,1.7097453211245943,188.2607369414838,6.204910335316857e-10,78958.44863805504,1,1,1,1,NA,1,5,583.4799980018288,623.7213156808401
2017-07-15,196,EarlyPodDevelopment,5.569631968124387,0,26.399999618530273,25.969999313354492,20.02999973297119,14.09000015258789,6.837990891495101,582.8284583585174,20.35614139601998,372.01476350138614,1.6689210703138238,187.0264935567224,4.967945795745489e-10,78955.57023196267,1,1,1,1,NA,1,5,583.4799980018288,630.5593065723352
2017-07-16,197,EarlyPodDevelopment,5.629058686904539,0.12999999523162842,24.579999923706055,28.350000381469727,22.085000038146973,15.81999969482422,8.319740629221348,591.1481989877387,20.169047121586747,367.4085926986596,1.638901891374053,185.85789757091908,3.976041475634179e-10,78952.67226139955,1,1,1,1,NA,1,5,583.6099979970604,638.8790472015565
2017-07-17,198,EarlyPodDevelopment,5.689776058718531,0,24.989999771118164,27.739999771118164,22.22499942779541,16.709999084472656,8.500432053958834,599.6486310416976,20.118767693904253,361.893949328449,1.6134586393923729,184.83065620261425,3.1809571537150703e-10,78949.62037979679,1,1,1,1,NA,1,5,583.6099979970604,647.3794792555154
2017-07-18,199,EarlyPodDevelopment,5.760195611064581,0.00999999977648258,27.18000030517578,29.459999084472656,24.03499984741211,18.610000610351563,9.85873732844694,609.5073683701446,20.17706019438577,357.63461143919557,1.5897600051660734,183.80810041097155,2.543882045202255e-10,78946.37266325596,1,1,1,1,NA,1,5,583.6199979968369,657.2382165839624
2017-07-19,200,EarlyPodDevelopment,5.833173496718026,2.059999942779541,24.360000610351563,30.290000915527344,24.395000457763672,18.5,10.21690399148236,619.724272361627,20.397201221809738,353.46730498334426,1.567216112351226,182.79250321549503,2.0335932914467322e-10,78942.99140682876,1,1,1,1,NA,1,5,585.6799979396164,667.4551205754448
2017-07-20,201,EarlyPodDevelopment,5.919714406639846,21.489999771118164,17.040000915527344,30.610000610351563,27.039999961853027,23.469999313354492,12.115727389054856,631.8399997506818,20.607156698251952,368.80190087454,1.5359491399073342,181.625419433563,1.6249996465597954e-10,78940.46430827712,1,1,1,1,NA,1,5,607.1699977107346,679.5708479644995
2017-07-21,202,EarlyGrainFilling,6.002811439947254,18.68000030517578,19.850000381469727,29.489999771118164,26.4399995803833,23.38999938964844,11.918749719746984,643.7587494704288,20.859536473224253,380.8221533729979,1.5913960684772954,179.8423115911344,1.2979589219172675e-10,78938.50760145017,1,1,1,1,NA,1,6,625.8499980159104,691.4895976842465
2017-07-22,203,EarlyGrainFilling,6.055057093342233,11.949999809265137,17.139999389648438,30.84000015258789,27.545000076293945,24.25,12.613681160563178,656.372430630992,21.12017422551319,388.1612746241516,1.6598765755159883,177.8766488331888,1.036269916944156e-10,78936.63118995036,1,1,1,0.9999999999999998,NA,1,6,637.7999978251755,704.1032788448098
2017-07-23,204,EarlyGrainFilling,6.102168847246424,4.550000190734863,19.440000534057617,29.479999542236328,25.34999942779541,21.219999313354492,11.374202523027376,667.7466331540194,21.36751652586845,388.1234069715283,1.6711425439809413,176.11488715098434,8.268904545672953e-11,78934.47538243076,1,1,1,1,NA,1,6,642.3499980159104,715.4774813678371
2017-07-24,205,EarlyGrainFilling,6.13681914269816,0.25,23.84000015258789,25.540000915527344,21.165000915527344,16.790000915527344,8.365629493486278,676.1122626475056,21.472966076199135,383.0634819890676,1.6147506255311157,174.92517375575855,6.593923908808622e-11,78931.67110186463,1,1,1,1,NA,1,6,642.5999980159104,723.8431108613233
2017-07-25,206,EarlyGrainFilling,6.168643796199915,0,28.860000610351563,25.459999084472656,20.13999938964844,14.81999969482422,7.683434051092227,683.7956966985979,21.305101443665023,377.0463942538345,1.571682265608462,173.9169545154787,5.254411381637658e-11,78928.87880429842,1,1,1,1,NA,1,6,642.5999980159104,731.5265449124156
2017-07-26,207,EarlyGrainFilling,6.20678308865172,0.6499999761581421,21.920000076293945,28.530000686645508,22.01500034332275,15.5,9.207978911462504,693.0036756100604,21.00950456010005,372.46230014838966,1.5424176647573904,172.80647047128403,4.183796240533089e-11,78926.1211656573,1,1,1,1,NA,1,6,643.2499979920685,740.7345238238781
2017-07-27,208,EarlyGrainFilling,6.253676776409219,5.389999866485596,13.770000457763672,28.700000762939453,24.605000495910645,20.510000228881836,11.321554758714829,704.3252303687752,20.858316278264812,372.66015029491257,1.5169489748815594,171.5326362270664,3.3287908078861774e-11,78923.20979736955,1,1,1,1,NA,1,6,648.6399978585541,752.0560785825929
2017-07-28,209,EarlyGrainFilling,6.2925875604850345,0.12999999523162842,23.780000686645508,26.549999237060547,21.979999542236328,17.40999984741211,9.394240327120055,713.7194706958953,20.836107842778137,367.4722446653473,1.4961713039111104,170.47493053109756,2.6465681690300488e-11,78920.2244858426,1,1,1,1,NA,1,6,648.7699978537858,761.450318909713
2017-07-29,210,EarlyGrainFilling,6.319465683371866,0,29.3799991607666,23.90999984741211,18.179999828338623,12.449999809265137,6.489191928098411,720.2086626239937,20.72214640037479,361.04840608193194,1.4848961657752846,169.7930148508376,2.1027898180778328e-11,78917.45202213968,0.8179999828338623,1,0.8179999828338623,1,NA,1,6,648.7699978537858,767.9395108378114
2017-07-30,211,EarlyGrainFilling,6.354969682168729,0,27.790000915527344,27.209999084472656,20.679999351501465,14.149999618530272,8.571739305526394,728.7804019295202,20.43294576363833,355.7495485862847,1.4772724203431054,168.81918286781178,1.669848553271942e-11,78914.82028192702,1,1,1,1,NA,1,6,648.7699978537858,776.5112501433379
2017-07-31,212,EarlyGrainFilling,6.395045691720416,0,25.81999969482422,27.860000610351563,21.915000438690186,15.970000267028809,9.675561005066127,738.4559629345863,20.317994586164783,350.8476991423127,1.4671706951768138,167.69222969274574,1.3255152731097608e-11,78912.03461754313,1,1,1,1,NA,1,6,648.7699978537858,786.186811148404
2017-08-01,213,EarlyGrainFilling,6.4378927149387675,4.170000076293945,18.780000686645508,27.059999465942383,22.59000015258789,18.1200008392334,10.344567527362372,748.8005304619487,20.38783751585396,349.14401654206176,1.456415325109201,166.53254232278508,1.0518892770474743e-11,78909.18774374023,1,1,1,0.9999999999999998,NA,1,6,652.9399979300797,796.5313786757663
2017-08-02,214,EarlyGrainFilling,6.481781722544506,0.949999988079071,23.780000686645508,27.65999984741211,22.74499988555908,17.829999923706055,10.596134078505465,759.3966645404541,20.42960029528989,344.54572351603406,1.4469978273004076,165.37036950559786,8.345609857247404e-12,78906.3664787,1,1,1,1,NA,1,6,653.8899979181588,807.1275127542718
2017-08-03,215,EarlyGrainFilling,6.525774494238231,16.81999969482422,19.200000762939453,28.200000762939453,22.625,17.049999237060547,10.621185868209,770.0178504086631,20.458563698412895,355.96528895288304,1.4350679988692177,164.20125227380552,6.619965303569428e-12,78903.63320513745,1,1,1,0.9999999999999998,NA,1,6,670.709997612983,817.7486986224808
2017-08-04,216,EarlyGrainFilling,6.5495756165742165,4.159999847412109,13.5,20.190000534057617,16.750000476837158,13.3100004196167,5.746310915857595,775.7641613245207,20.412434433388544,355.8208606409278,1.4256645626321636,163.56396346734553,5.249926143207542e-12,78901.12781672156,0.6750000476837159,1,0.6750000476837159,1,NA,1,6,674.8699974603951,823.4950095383384
2017-08-05,217,EarlyGrainFilling,6.578745293248524,0,23.18000030517578,24.520000457763672,18.175000190734863,11.829999923706056,7.042442331897001,782.8066036564177,20.06954789077698,351.77867114773693,1.4265838142899665,162.67949964546028,4.162247792220956e-12,78898.85031315693,0.8175000190734864,1,0.8175000190734864,0.9999999999999998,NA,1,6,674.8699974603951,830.5374518702354
2017-08-06,218,EarlyGrainFilling,6.604363573763417,0.20000000298023224,9.039999961853027,20.520000457763672,17.09500026702881,13.670000076293944,6.185027869280985,788.9916315256986,19.70324542103474,348.6364017509883,1.4279364647205457,161.92765732643971,3.2988762166330007e-12,78896.72793426513,0.7095000267028809,1,0.7095000267028809,1,NA,1,6,675.0699974633753,836.7224797395164
2017-08-07,219,EarlyGrainFilling,6.639130054841061,0.00999999977648258,18.780000686645508,25.030000686645508,19.51500034332275,14,8.393680218195922,797.3853117438945,19.322744287869934,345.51903099217884,1.4287438884152115,160.80113649666512,2.6136114546952745e-12,78894.67207635826,0.9515000343322756,1,0.9515000343322756,1,NA,1,6,675.0799974631518,845.1161599577123
2017-08-08,220,EarlyGrainFilling,6.671852632154594,0,26.420000076293945,25.670000076293945,18.84999990463257,12.029999732971191,7.900220021450399,805.2855317653449,19.122512892935237,340.8285482443654,1.4280135262361735,159.72270042122344,2.069837898166125e-12,78892.5849111512,0.8849999904632568,1,0.8849999904632568,1,NA,1,6,675.0799974631518,853.0163799791627
2017-08-09,221,EarlyGrainFilling,6.712729101882233,0,26.65999984741211,25.8700008392334,20.925000190734863,15.979999542236328,9.868816305461372,815.1543480708062,19.031088902618777,334.6402504587042,1.4259258806155743,158.50074445433614,1.638476331586804e-12,78890.46758637947,1,1,1,1,NA,1,6,675.0799974631518,862.885196284624
2017-08-10,222,EarlyGrainFilling,6.754130154813055,0.9700000286102296,25.15999984741211,27.350000381469727,20.9350004196167,14.520000457763672,9.995466559351518,825.1498146301577,19.043672145257933,330.1304878042625,1.4222476789467875,157.28449811795844,1.2964115122879445e-12,78888.29011845555,1,1,1,1,NA,1,6,676.049997491762,872.8806628439755
2017-08-11,223,EarlyGrainFilling,6.798551804331215,0.5699999928474426,17.440000534057617,26.940000534057617,21.59500026702881,16.25,10.72472994858176,835.8745445787395,19.1299342852541,325.599355803991,1.417178934840805,156.07359807777067,1.0252707602591954e-12,78886.0502376564,1,1,1,0.9999999999999996,NA,1,6,676.6199974846095,883.6053927925574
2017-08-12,224,EarlyGrainFilling,6.834681115804585,0,24.989999771118164,24.709999084472656,19.31999969482422,13.93000030517578,8.722708701343723,844.5972532800832,19.24931862591999,322.0821321360057,1.4111322998764488,154.8662431001545,8.104418813328207e-13,78883.75574919867,0.931999969482422,1,0.931999969482422,1,NA,1,6,676.6199974846095,892.328101493901
2017-08-13,225,EarlyGrainFilling,6.869413830994533,0,23.59000015258789,25.25,18.855000019073486,12.460000038146973,8.385528111488041,852.9827813915713,19.337929573175867,318.3780320940104,1.4057572639464282,153.65393128774377,6.403096972227188e-13,78881.49703137725,0.8855000019073487,1,0.8855000019073487,1,NA,1,6,676.6199974846095,900.7136296053891
2017-08-14,226,EarlyGrainFilling,6.916164353072184,0,21.530000686645508,28.270000457763672,21.78000020980835,15.289999961853027,11.28699023283766,864.2697716244089,19.406304492069445,314.6943051509103,1.3990548358300896,152.44810215188252,5.056394422650602e-13,78879.16420870014,1,1,1,1,NA,1,6,676.6199974846095,912.0006198382267
2017-08-15,227,EarlyGrainFilling,6.968985259378119,0.20999999344348907,20.770000457763672,29.299999237060547,23.15499973297119,17.010000228881836,12.752564614668389,877.0223362390773,19.63937766017828,310.9878382319265,1.386857996066956,151.2607887556402,3.9909178204792484e-13,78876.65209561746,1,1,1,1,NA,1,6,676.829997478053,924.7531844528952
2017-08-16,228,MidGrainFilling,7.02966417343977,0.10000000149011612,21.770000457763672,29.65999984741211,23.979999542236328,18.299999237060547,13.710991499066328,890.7333277381437,19.998917408905186,307.21689100065345,1.3639154971407343,150.08808277913238,3.148337909998714e-13,78874.05866022233,1,1,1,1,NA,1,7,676.9299974795431,938.4641759519615
2017-08-17,229,MidGrainFilling,7.098053836640974,3.5,17.809999465942383,29.520000457763672,24.460000038146973,19.399999618530273,14.347116945956577,905.0804446841004,20.389510659053744,305.55383661041634,1.3534601286984365,148.9361856800339,2.4823649547251513e-13,78871.24177793205,1,1,1,1,NA,1,7,680.4299974795431,952.8112928979181
2017-08-18,230,MidGrainFilling,7.159616901956587,0.09000000357627869,23.510000228881836,28.229999542236328,22.914999961853027,17.600000381469727,12.91499996185303,917.9954446459532,20.61839235656136,300.8993854449515,1.326556504377734,147.78640267542735,1.9562522141861038e-13,78868.76152074938,1,1,1,1,NA,1,7,680.5199974831194,965.7262928597711
2017-08-19,231,MidGrainFilling,7.22051261533216,0.41999998688697815,24.84000015258789,28.299999237060547,22.774999618530273,17.25,12.774999618530275,930.7704442644836,20.741041821984663,297.33455998839435,1.29748880524545,146.64344842812193,1.5408413426944311e-13,78866.38444724931,1,1,1,1,NA,1,7,680.9399974700063,978.5012924783014
2017-08-20,232,MidGrainFilling,7.28555953932999,2.009999990463257,22,30.860000610351563,23.8100004196167,16.760000228881836,13.645860820019244,944.4163050845028,20.866318341662705,293.7189092667069,1.2672401656076535,145.50586206898052,1.2130075515337111e-13,78864.11342557753,1,1,1,1,NA,1,7,682.9499974604696,992.1471532983206
2017-08-21,233,MidGrainFilling,7.356918355198049,9.68000030517578,20.190000534057617,29.15999984741211,24.97000026702881,20.780000686645508,14.97000026702881,959.3863053515316,20.958543903437786,297.57013238796986,1.2928604044348644,144.39354944045598,9.544210676901857e-14,78861.46812566952,1,1,1,0.9999999999999998,NA,1,7,692.6299977656454,1007.1171535653494
2017-08-22,234,MidGrainFilling,7.410711555720308,17.989999771118164,15.770000457763672,26.920000076293945,21.28499984741211,15.649999618530272,11.284999847412108,970.6713051989436,21.02943851032865,311.35351505925047,1.317490787263521,143.29724990088997,7.505603902492506e-14,78858.93635312057,1,1,1,0.9999999999999998,NA,1,7,710.6199975367635,1018.4021534127615
2017-08-23,235,MidGrainFilling,7.453826844241253,0,23.1299991607666,24.530000686645508,18.730000495910645,12.93000030517578,9.044935412955285,979.716240611899,20.861152214313563,306.5562380610485,1.3392822183282649,142.1901200689655,5.899273231344869e-14,78856.66532088914,0.8730000495910645,1,0.8730000495910645,1,NA,1,7,710.6199975367635,1027.4470888257167
2017-08-24,236,MidGrainFilling,7.497871128783188,0,20.649999618530273,24.690000534057617,19.03000020980835,13.369999885559082,9.239824727094174,988.9560653389932,20.48157146741421,301.76770874009554,1.3613898279612977,141.07391202585407,4.634221187864842e-14,78854.64559064335,0.903000020980835,1,0.903000020980835,1,NA,1,7,710.6199975367635,1036.686913552811
2017-08-25,237,MidGrainFilling,7.534406619963985,0,24.010000228881836,22.469999313354492,16.56999969482422,10.670000076293944,7.664593450427055,996.6206587894204,20.05481745178886,297.2721462198804,1.3756698817550337,140.03361293282555,3.638467930105745e-14,78852.77133367796,0.6569999694824219,1,0.6569999694824219,1,NA,1,7,710.6199975367635,1044.351507003238
2017-08-26,238,MidGrainFilling,7.575611047950178,0,22.510000228881836,24.510000228881836,17.740000247955322,10.970000267028809,8.644065774530173,1005.2647245639504,19.57352381174964,292.5861501426467,1.3903688213370655,138.9067299883501,2.855106197951905e-14,78851.0771015044,0.7740000247955323,1,0.7740000247955323,1,NA,1,7,710.6199975367635,1052.9955727777683
2017-08-27,239,MidGrainFilling,7.620706310135168,0.7200000286102295,21.110000610351563,25.739999771118164,19.019999980926514,12.300000190734863,9.460303940570356,1014.7250285045208,19.200626968410816,288.8977629811987,1.4034860770022757,137.7908582710022,2.2391673729002084e-14,78849.41899399295,0.9019999980926514,1,0.9019999980926514,0.9999999999999998,NA,1,7,711.3399975653738,1062.4558767183385
2017-08-28,240,MidGrainFilling,7.671496433746182,5.400000095367432,18.299999237060547,26.309999465942383,20.65499973297119,15,10.654999732971191,1025.380028237492,19.03943914351651,289.96976854364254,1.4531982481196148,136.7047299997775,1.75513469239854e-14,78847.9984384202,1,1,1,1,NA,1,7,716.7399976607412,1073.1108764513097
2017-08-29,241,MidGrainFilling,7.720117669234514,4.179999828338623,19.43000030517578,25.479999542236328,20.199999809265137,14.920000076293944,10.199999809265137,1035.5800280467572,19.054236915578443,289.81559568366595,1.4946537808014695,135.6481714960252,1.3749703091405652e-14,78846.53558775273,1,1,1,1,NA,1,7,720.9199974890798,1083.3108762605748
2017-08-30,242,MidGrainFilling,7.769621138850415,0.25999999046325684,20.3799991607666,26.469999313354492,20.364999771118164,14.260000228881836,10.385079185438157,1045.9651072321954,19.089014081442716,285.5734300548711,1.5233482825742002,134.61006140003195,1.076551616260004e-14,78845.03745982787,1,1,1,0.9999999999999998,NA,1,7,721.1799974795431,1093.695955446013
2017-08-31,243,MidGrainFilling,7.816699380399865,0,15.380000114440918,25.34000015258789,19.86500024795532,14.390000343322754,9.876303018671274,1055.8414102508666,19.122117420557867,281.5022679708596,1.5422697478984144,133.58716015956912,8.424323355761273e-15,78843.51669624649,0.9865000247955322,1,0.9865000247955322,1,NA,1,7,721.1799974795431,1103.5722584646844
2017-09-01,244,MidGrainFilling,7.848787090359442,0.00999999977648258,17.559999465942383,20.049999237060547,15.84499979019165,11.640000343322754,6.731516222906112,1062.572926473773,19.05728094401688,277.8109665950655,1.536985770406923,132.65620386933,6.5886126014758435e-15,78842.02687054256,0.5844999790191651,1,0.5844999790191651,1,NA,1,7,721.1899974793196,1110.3037746875905
2017-09-02,245,MidGrainFilling,7.888563693044441,0.119999997317791,23.440000534057617,24.489999771118164,16.875,9.260000228881836,8.34452962219715,1070.9174560959698,18.744220690471753,275.4195757906842,1.5282147585515804,131.61252696483822,5.1500564963426244e-15,78840.77233925687,0.6875,1,0.6875,1,NA,1,7,721.3099974766374,1118.6483043097876
2017-09-03,246,MidGrainFilling,7.9372136769962545,0.09000000357627869,22.729999542236328,27.229999542236328,19.8149995803833,12.399999618530272,10.206030802083015,1081.1234868980528,18.622902936549444,272.8584689293257,1.5096835452132569,130.59274994478852,4.0233660710719204e-15,78839.52470786682,0.98149995803833,1,0.98149995803833,1,NA,1,7,721.3999974802136,1128.8543351118706
2017-09-04,247,MidGrainFilling,7.998048567116075,7.599999904632568,16.15999984741211,31.3700008392334,23.09000062942505,14.8100004196167,12.762239819425345,1093.885726717478,18.815330380244152,276.3277009404796,1.5639914712113892,129.62302810160725,3.141428650351517e-15,78838.29142231331,1,1,1,1,NA,1,7,728.9999973848462,1141.6165749312959
2017-09-05,248,LateGrainFilling,8.034156629573028,0.10000000149011612,19.260000228881836,22.1200008392334,16.600000381469727,11.079999923706056,7.574925369024276,1101.4606520865025,19.04160591638211,271.7061417361704,1.571759237966709,129.12623354560873,2.451464308539335e-15,78836.91192751145,0.6600000381469727,1,0.6600000381469727,1,NA,1,8,729.0999973863363,1149.1915003003203
2017-09-06,249,LateGrainFilling,8.062610769578265,0.3700000047683716,17.59000015258789,18.799999237060547,13.53499984741211,8.270000457763672,5.9692482042312625,1107.4299002907337,18.772564380656735,268.5549891542646,1.561498343030545,128.73707886999142,1.911988615630186e-15,78835.86144713868,0.35349998474121097,1,0.35349998474121097,1,NA,1,8,729.4699973911047,1155.1607485045515
2017-09-07,250,LateGrainFilling,8.095252295931896,0.02999999932944774,14.649999618530272,21.09000015258789,14.744999885559082,8.399999618530273,6.847698525905608,1114.277598816639,18.189787222456793,265.93129928107624,1.5554406060375263,128.2303514500034,1.4904143749002281e-15,78835.1548872055,0.47449998855590825,1,0.47449998855590825,1,NA,1,8,729.4999973904341,1162.008447030457
2017-09-08,251,LateGrainFilling,8.13761985007973,0,18.530000686645508,25.520000457763672,17.610000133514404,9.699999809265137,8.888072050958872,1123.165670867598,17.79070185728987,264.52217254630176,1.549419995289595,127.51915110263876,1.161158434729959e-15,78834.53261082897,0.7610000133514405,1,0.7610000133514405,0.9999999999999998,NA,1,8,729.4999973904341,1170.896519081416
2017-09-09,252,LateGrainFilling,8.17510284611535,0.00999999977648258,22.65999984741211,23,16.710000038146973,10.420000076293944,7.863365637958049,1131.029036505556,17.82910757996919,262.68634493798265,1.5145820679025783,126.91169353652292,9.041479557081698e-16,78833.7397109511,0.6710000038146973,0.9924576909911154,0.6710000038146973,0.9999999999999998,NA,1,8,729.5099973902106,1178.759884719374
2017-09-10,253,LateGrainFilling,8.210757200439073,0,21.450000762939453,22.88999938964844,15.12499976158142,7.360000133514404,7.479744265007973,1138.5087807705638,17.904526746997433,260.67760578152934,1.467342685067569,126.30772306160208,7.036424736994035e-16,78832.91289175926,0.5124999761581421,0.9860211554530274,0.5124999761581421,1,NA,1,8,729.5099973902106,1186.239628984382
2017-09-11,254,LateGrainFilling,8.247109932266323,0,16.06999969482422,23.200000762939453,15.390000343322754,7.579999923706055,7.626253302288056,1146.1350340728518,17.83634971367027,258.78824727856346,1.4200795965627124,125.63378623445313,5.47305915467285e-16,78832.14162759241,0.5390000343322754,0.9855506782417872,0.5390000343322754,1,NA,1,8,729.5099973902106,1193.86588228667
2017-09-12,255,LateGrainFilling,8.291849581701845,0.01999999955296516,16.389999389648438,26.020000457763672,18.65500020980835,11.289999961853027,9.385701764374971,1155.5207358372268,17.79102171658308,257.29499900426623,1.364744412285841,124.77635277017322,4.254758523972822e-16,78831.31689295109,0.865500020980835,0.9814878518785316,0.865500020980835,0.9999999999999998,NA,1,8,729.5299973897636,1203.251584051045
2017-09-13,256,LateGrainFilling,8.331193675253893,1.25,7.150000095367432,22.110000610351563,18.21500015258789,14.31999969482422,8.253795747804642,1163.7745315850314,17.97091853663304,256.59888719078,1.31814906506537,124.01202728712768,3.305883585338464e-16,78830.45100536926,0.8215000152587891,0.9833356383198576,0.8215000152587891,0.9999999999999998,NA,1,8,730.7799973897636,1211.5053797988496
2017-09-14,257,LateGrainFilling,8.378827254316084,0.01999999955296516,15.510000228881836,26.450000762939453,19.730000495910645,13.010000228881836,9.992804429364204,1173.7673360143956,18.027787273227283,255.2370684356137,1.2595558889526484,123.07141364550696,2.5672566328717977e-16,78829.51407311061,0.9730000495910645,0.9787146033213312,0.9730000495910645,1,NA,1,8,730.7999973893166,1221.4981842282139
2017-09-15,258,LateGrainFilling,8.43246279048854,0,19.81999969482422,29.270000457763672,20.950000286102295,12.630000114440918,11.251924251496792,1185.0192602658924,18.33484256372534,253.5211442351822,1.1971853366203002,122.11304277140778,1.9926054260881028e-16,78828.49686938025,0.9852214072127424,0.9749357680148484,1,1,NA,1,8,730.7999973893166,1232.7501084797107
2017-09-16,259,LateGrainFilling,8.493406172833964,0,17.360000610351563,30.299999237060547,22.78499984741211,15.270000457763672,12.78499984741211,1197.8042601133045,18.852683254586367,251.27917244736923,1.1325186977523878,121.17436109746612,1.5457696368719126e-16,78827.39757068282,0.9823566369330096,0.969754662924571,1,1,NA,1,8,730.7999973893166,1245.5351083271228
2017-09-17,260,LateGrainFilling,8.558916044250816,2.2699999809265137,16.469999313354492,31.25,24.050000190734863,16.850000381469727,13.742980186450485,1211.547240299755,19.40881945727806,249.27305232701187,1.0728827712993954,120.2444358131758,1.1985074080325114e-16,78826.27098546915,0.9777546417219352,0.9652142882686604,1,1,NA,1,8,733.0699973702431,1259.2780885135733
2017-09-18,261,LateGrainFilling,8.62009776689954,6.409999847412109,12.760000228881836,27.670000076293945,22.835000038146973,18,12.835000038146974,1224.382240337902,19.790537497121218,252.1585426418628,1.2358824031086884,119.373609733862,9.287739544195461e-17,78826.42258680076,0.9727084767921392,0.9651912163840152,1,1,NA,1,8,739.4799972176552,1272.1130885517202
2017-09-19,262,LateGrainFilling,8.68034996736596,14.140000343322754,10.550000190734863,26.68000030517578,22.64000034332275,18.600000381469727,12.640000343322754,1237.0222406812247,19.982863974069623,263.7166284625511,1.4082944765173115,118.55981106482092,7.193717303793369e-17,78825.78584940567,0.9726282365083556,0.9624138608408092,1,1,NA,1,8,753.6199975609779,1284.753088895043
2017-09-20,263,LateGrainFilling,8.744570762166472,0.01999999955296516,18.329999923706055,32.18000030517578,24.40999984741211,16.639999389648438,13.472551409626009,1250.4947920908508,20.07566372094344,259.87253381957635,1.5080822239203815,117.79200939129912,5.568922785979437e-17,78824.77889393717,0.9703833724145482,0.9554937607132676,1,0.9999999999999998,NA,1,8,753.6399975605309,1298.225640304669
2017-09-21,264,LateGrainFilling,8.814806390102158,0,17.1200008392334,32.84000015258789,26.274999618530273,19.709999084472656,14.734372427034376,1265.2291645178852,20.31040988278908,255.4148795768674,1.5360160053010443,117.07259529924364,4.308873268381152e-17,78823.49521111154,0.9642260982025788,0.9448895212781556,1,1,NA,1,8,753.6399975605309,1312.9600127317033
2017-09-22,265,LateGrainFilling,8.889429429737628,0.47999998927116394,16.760000228881836,32.279998779296875,26.8799991607666,21.479999542236328,15.654785042047502,1280.8839495599327,20.71877028435199,252.2975275678496,1.5005272859930416,116.39732266631746,3.332199099029009e-17,78822.05206059455,0.9541543362544458,0.9317821723713692,1,1,NA,1,8,754.1199975498021,1328.6147977737508
2017-09-23,266,LateGrainFilling,8.961322037624978,0,19.299999237060547,32.97999954223633,26.84000015258789,20.700000762939453,15.08198175907135,1295.965931319004,21.25938634536365,250.4325047648362,1.4162294542006817,115.75642419238687,2.5755660074842787e-17,78820.22974518556,0.9406681137378862,0.9212247767385175,1,1,NA,1,8,754.1199975498021,1343.6967795328221
2017-09-24,267,Maturing,9.129043287457575,0,19.739999771118164,32.38999938964844,25.054999351501465,17.719999313354492,13.92099943768978,1309.8869307566938,21.85984920360575,248.71014262482296,1.31010570318911,116.1513928023652,1.989704489445561e-17,78818.12063691173,0.9259755897056684,0.9815430306226248,1,1,NA,1,9,754.1199975498021,1357.617778970512
2017-09-25,268,Maturing,9.426518806597606,0,18.700000762939453,31.88999938964844,24.104999542236328,16.31999969482422,13.386398361301424,1323.2733291179952,22.239813819904487,247.19304326995675,1.2065866091852584,116.49807724412972,1.536307156619124e-17,78815.89508532728,0.9815430306226248,0.9938204642244786,1,1,NA,1,9,754.1199975498021,1371.0041773318135
2017-09-26,269,Maturing,9.74588543429714,0.05000000074505806,16.459999084472656,32.59000015258789,25.69499969482422,18.799999237060547,14.371498246479034,1337.6448273644742,22.465663837844083,245.9289486767144,1.1222225034486717,116.81767384400712,1.1856057836334114e-17,78813.74567889904,0.9938204642244786,1,1,1,NA,1,9,754.1699975505471,1385.3756755782924
2017-09-27,270,Maturing,9.969007183520214,0.00999999977648258,11.869999885559082,26.510000228881836,19.795000076293945,13.079999923706056,10.0404787150383,1347.6853060795124,22.60032847844792,244.88941444756668,1.06249038172775,117.09191815599615,9.144802522783351e-18,78811.81134575017,0.9795000076293946,1,0.9795000076293946,1,NA,1,9,754.1799975503236,1395.4161542933307
2017-09-28,271,Ripening,10.154965650732205,0,18,23.399999618530273,17.859999656677246,12.31999969482422,8.368131024539473,1356.053437104052,22.219828869252265,244.10088509048535,1.0236406234085345,117.31727046293788,7.04983435377427e-18,78810.18264176279,0.7859999656677247,1,0.7859999656677247,1,NA,1,10,754.1799975503236,1403.7842853178702
2017-09-29,272,Ripening,10.345732011607836,0,18.6299991607666,24.450000762939453,17.615000247955322,10.779999732971191,8.584486239403486,1364.6379233434554,21.65850725614176,243.42259638325885,0.9938360236406604,117.51559496974244,5.431911693858545e-18,78808.75696501804,0.7615000247955322,1,0.7615000247955322,1,NA,1,10,754.1799975503236,1412.3687715572737
2017-09-30,273,Ripening,10.50171841234348,0,18.469999313354492,21.59000015258789,14.829999923706056,8.069999694824219,7.019388033103943,1371.6573113765594,21.09412919923494,242.77162973550224,0.9705213412336868,117.6905411393004,4.1830618646620414e-18,78807.52446679783,0.4829999923706055,1,0.4829999923706055,1,NA,1,10,754.1799975503236,1419.3881595903777
2017-10-01,274,Ripening,10.655354420268615,0,16.350000381469727,21.6200008392334,14.220000505447388,6.820000171661377,6.913620356631279,1378.5709317331907,20.405679708022276,242.15324880509127,0.9521344282667812,117.84418523062484,3.2196029071853356e-18,78806.48405595806,0.4220000505447388,1,0.4220000505447388,1,NA,1,10,754.1799975503236,1426.301779947009
2017-10-02,275,Ripening,10.884224973793112,0,17.959999084472656,27.290000915527344,19.96500062942505,12.640000343322754,10.299174908602238,1388.870106641793,19.886115826669965,241.5584375634595,0.9311637150455068,117.99953752959284,2.476712289523987e-18,78805.46627869767,0.9965000629425048,1,0.9965000629425048,0.9999999999999998,NA,1,10,754.1799975503236,1436.6009548556112
2017-10-03,276,ReadyForHarvesting,11,13.979999542236328,11.119999885559082,24.940000534057617,20.22000026702881,15.5,0,1388.870106641793,19.932118799037575,253.2755727557494,1.2251803401550267,118.2326622486825,1.9042021780250524e-18,78806.13990371181,1,1,1,1,NA,1,11,768.1599970925599,1436.6009548556112
2017-10-04,277,NA,1,4.039999961853027,8.25,24.93000030517578,21.875,18.81999969482422,11.874999999999998,0,19.97054926231755,255.83811448727928,0.6473489455373664,117.31618594920565,1.4632351121149326e-18,79072.40691159865,0,1,1,1,Harvested at Maturity.,1,11,772.199997054413,1448.4759548556112
2017-10-05,278,NA,1,13.149999618530272,7.920000076293945,24.8700008392334,20.86500072479248,16.860000610351563,10.86500072479248,0,20.03733602319603,267.59438247919707,0.6680238399521263,115.81551166417854,1.1237722735727668e-18,79091.1839484264,0,1,1,1,NA,1,11,785.3499966729432,1459.3409555804037
2017-10-06,279,NA,1,5.630000114440918,5.400000095367432,24.43000030517578,20.920000076293945,17.40999984741211,10.920000076293944,0,20.05216687045787,272.26157378476205,0.6907522200256846,114.32139394371976,8.625921061857382e-19,79110.08642004442,0,1,1,1,NA,1,11,790.9799967873842,1470.2609556566977
2017-10-07,280,NA,1,7.010000228881836,14.56999969482422,28.100000381469727,21.600000381469727,15.100000381469728,11.600000381469728,0,20.00052619978756,276.57070493047195,0.7139915270066048,112.83578397166082,6.617525731609805e-19,79129.10267624125,0,1,1,1,NA,1,11,797.989997016266,1481.8609560381674
2017-10-08,281,NA,1,0.3799999952316284,12.34000015258789,25.420000076293945,18.085000038146973,10.75,8.085000038146973,0,19.948044373557636,274.7806608115679,0.7308138089104993,111.78734423401684,5.073982602985737e-19,79141.83562346156,0,1,0.8085000038146973,1,NA,1,11,798.3699970114976,1489.9459560763144
2017-10-09,282,NA,1,0.07999999821186066,13.210000038146973,26.59000015258789,19.835000038146973,13.079999923706056,9.835000038146973,0,19.7258193441146,272.4343276582443,0.7437791939094627,111.18094438237011,3.888354000986074e-19,79148.15070145468,0,1,0.9835000038146972,1,NA,1,11,798.4499970097095,1499.7809561144613
2017-10-10,283,NA,1,13.84000015258789,7.900000095367432,22.6200008392334,18.925000190734863,15.229999542236328,8.925000190734863,0,19.57353878813678,284.8578021776729,0.737771136605272,111.0124650814146,2.9781497308068635e-19,79148.31307987569,0,1,0.8925000190734864,1,NA,1,11,812.2899971622974,1508.7059563051962
2017-10-11,284,NA,1,8.239999771118164,3.549999952316284,19.360000610351563,16.125000476837158,12.890000343322754,6.125000476837157,0,19.39055058630894,292.49724421084625,0.7277659428642357,110.97755895884568,2.2797734590679843e-19,79146.61077175483,0,1,0.6125000476837159,1,NA,1,11,820.5299969334155,1514.8309567820334
2017-10-12,285,NA,1,0.14000000059604645,5.150000095367432,19.860000610351563,15.71500015258789,11.56999969482422,5.715000152587891,0,19.030590634271434,291.76881216388716,0.7572703518166151,110.98576054746836,1.744222622240814e-19,79143.85558921866,0,1,0.5715000152587891,1,NA,1,11,820.6699969340116,1520.5459569346212
2017-10-13,286,NA,1,0.1599999964237213,15.760000228881836,23.110000610351563,16.480000495910645,9.850000381469728,6.480000495910644,0,18.61204943106014,289.19426640714994,0.7774905110672866,111.02153190670936,1.333760721243823e-19,79140.99572798287,0,1,0.6480000495910645,1,NA,1,11,820.8299969304353,1527.025957430532
2017-10-14,287,NA,1,0.10000000149011612,12.869999885559082,26.010000228881836,19.81500005722046,13.619999885559082,9.81500005722046,0,18.319234977924648,286.9035041868761,0.793562326471029,111.06668601244778,1.0193435282013033e-19,79138.21033327721,0,1,0.981500005722046,1,NA,1,11,820.9299969319254,1536.8409574877523
2017-10-15,288,NA,1,6.210000038146973,3.8299999237060542,20.3700008392334,14.28000020980835,8.1899995803833,4.519807042729855,0,18.23053237994684,292.48028274032214,0.8016774041257406,111.11493510583496,7.786294846740681e-20,79135.60808958666,0,1,0.428000020980835,1,NA,1,11,827.1399969700724,1541.3607645304821
2017-10-16,289,NA,1,0.05999999865889549,15.960000038146973,17.049999237060547,11.074999570846558,5.099999904632568,2.397517181515694,0,17.86868321474081,290.0901232272068,0.7914827443303232,111.1575896634135,5.944425527323282e-20,79133.41875690907,0,1,0.10749995708465576,1,NA,1,11,827.1999969687313,1543.7582817119978
2017-10-17,290,NA,1,0,16.280000686645508,20.219999313354492,12.809999704360962,5.400000095367432,3.870415328666568,0,17.24156613293855,287.4652971908952,0.7834751895588501,111.19480706338112,4.535853280677853e-20,79131.35188415654,0,1,0.2809999704360962,1,NA,1,11,827.1999969687313,1547.6286970406643
