CheckpointID,SimulationID,Zone,Date,Year,DOY,StageName,Stage,SimSowDate,SimMatDate,SimHarvestDate,Rain,Radn,MaxT,MeanT,MinT,ThermalTime,AccEmTT,Yieldkgha,FracGrowthRate,NutrientStress,TempStress,WaterStress,Result,SimulationName,ID
1,1,Field,2019-04-17 12:00:00,2019,107,Germinating,1,NA,NA,NA,8.449999809265137,9.600000381469727,10.819999694824219,7.93999981880188,5.059999942779541,0.11881592741608626,0,0,0,1,0,1,NA,Simulation,4
1,1,Field,2019-04-18 12:00:00,2019,108,Germinating,1,NA,NA,NA,0.25999999046325684,24.299999237060547,15.59000015258789,9.370000123977661,3.1500000953674316,1.621286070895195,0,0,0,1,0,1,NA,Simulation,4
1,1,Field,2019-04-19 12:00:00,2019,109,Germinating,1,NA,NA,NA,0,24.780000686645508,17.829999923706055,8.994999960064888,0.1599999964237213,2.24783546871394,0,0,0,1,0,1,NA,Simulation,4
1,1,Field,2019-04-20 12:00:00,2019,110,Germinating,1,NA,NA,NA,2.4200000762939453,21.540000915527344,21.329999923706055,14,6.670000076293945,4.591340603232383,0,0,0,1,0.4,1,NA,Simulation,4
1,1,Field,2019-04-21 12:00:00,2019,111,Germinating,1,NA,NA,NA,3.0999999046325684,17.68000030517578,16.709999084472656,11.404999494552612,6.099999904632568,2.391707379594445,0,0,0,1,0.14049994945526123,1,NA,Simulation,4
1,1,Field,2019-04-22 12:00:00,2019,112,Germinating,1,NA,NA,NA,0.009999999776482582,24.579999923706055,19.399999618530273,11.854999780654907,4.309999942779541,3.3120576291531325,0,0,0,1,0.18549997806549073,1,NA,Simulation,4
1,1,Field,2019-04-23 12:00:00,2019,113,Germinating,1,NA,NA,NA,0,22.6200008392334,21.239999771118164,13.02999997138977,4.820000171661377,4.236165549978614,0,0,0,1,0.3029999971389771,1,NA,Simulation,4
1,1,Field,2019-04-24 12:00:00,2019,114,Germinating,1,NA,NA,NA,0.009999999776482582,24.15999984741211,23.649999618530273,16.359999656677246,9.069999694824219,6.389772070276736,0,0,0,1,0.6359999656677247,1,NA,Simulation,4
1,1,Field,2019-04-25 12:00:00,2019,115,Germinating,1,NA,NA,NA,0,25.610000610351563,18.309999465942383,10.954999685287476,3.5999999046325684,2.7671112743616106,0,0,0,1,0.09549996852874756,1,NA,Simulation,4
1,1,Field,2019-04-26 12:00:00,2019,116,Germinating,1,NA,NA,NA,0,26.020000457763672,14.630000114440918,6.955000042915344,-0.7200000286102295,1.0718828492239119,0,0,0,1,0,1,NA,Simulation,4
1,1,Field,2019-04-27 12:00:00,2019,117,Germinating,1,NA,NA,NA,0,21.829999923706055,12.850000381469727,7.605000138282776,2.359999895095825,0.6147298095002773,0,0,0,1,0,1,NA,Simulation,4
1,1,Field,2019-04-28 12:00:00,2019,118,Germinating,1,NA,NA,NA,9.260000228881836,7.300000190734863,9.149999618530273,4.709999814629555,0.27000001072883606,0,0,0,0,1,0,1,NA,Simulation,4
1,1,Field,2019-04-29 12:00:00,2019,119,Germinating,1,NA,NA,NA,2.940000057220459,9.149999618530273,9.569999694824219,4.634999841451645,-0.30000001192092896,0,0,0,0,1,0,1,NA,Simulation,4
1,1,Field,2019-04-30 12:00:00,2019,120,Germinating,1,NA,NA,NA,1.090000033378601,11.989999771118164,8.130000114440918,3.1700000762939453,-1.7899999618530273,0,0,0,0,1,0,1,NA,Simulation,4
1,1,Field,2019-05-01 12:00:00,2019,121,Germinating,1,NA,NA,NA,4.949999809265137,7.099999904632568,5.460000038146973,3.325000047683716,1.190000057220459,0,0,0,0,1,0,1,NA,Simulation,4
1,1,Field,2019-05-02 12:00:00,2019,122,Germinating,1,NA,NA,NA,0.14000000059604645,22.8799991607666,14.680000305175781,6.81000018119812,-1.059999942779541,1.0737532287091018,0,0,0,1,0,1,NA,Simulation,4
1,1,Field,2019-05-03 12:00:00,2019,123,Germinating,1,NA,NA,NA,1.2200000286102295,19.56999969482422,17.209999084472656,10.03499948978424,2.859999895095825,2.251077118718624,0,0,0,1,0.0034999489784240724,1,NA,Simulation,4
1,1,Field,2019-05-04 12:00:00,2019,124,Germinating,1,NA,NA,NA,0.25999999046325684,18.5,12.229999542236328,7.829999804496765,3.430000066757202,0.4553748510405422,0,0,0,1,0,1,NA,Simulation,4
1,1,Field,2019-05-05 12:00:00,2019,125,Germinating,1,NA,NA,NA,0,23.040000915527344,12.350000381469727,6.100000187754631,-0.15000000596046448,0.4004688395705076,0,0,0,1,0,1,NA,Simulation,4
1,1,Field,2019-05-06 12:00:00,2019,126,Germinating,1,NA,NA,NA,0,22.139999389648438,11.640000343322754,5.710000172257423,-0.2199999988079071,0.23254483071155874,0,0,0,1,0,1,NA,Simulation,4
1,1,Field,2019-05-07 12:00:00,2019,127,Germinating,1,NA,NA,NA,0.28999999165534973,27.850000381469727,14.729999542236328,6.474999785423279,-1.7799999713897705,1.0591764118894937,0,0,0,1,0,1,NA,Simulation,4
1,1,Field,2019-05-08 12:00:00,2019,128,Germinating,1,NA,NA,NA,3.5,7.639999866485596,9.329999923706055,6.754999876022339,4.179999828338623,0,0,0,0,1,0,1,NA,Simulation,4
1,1,Field,2019-05-09 12:00:00,2019,129,Germinating,1,NA,NA,NA,0.05000000074505806,26.020000457763672,13.460000038146973,6.74500001873821,0.029999999329447746,0.7162328251250438,0,0,0,1,0,1,NA,Simulation,4
1,1,Field,2019-05-10 12:00:00,2019,130,Germinating,1,NA,NA,NA,0.009999999776482582,23.350000381469727,17.049999237060547,8.764999613165855,0.47999998927116394,1.9616201895013454,0,0,0,1,0,1,NA,Simulation,4
1,1,Field,2019-05-11 12:00:00,2019,131,Germinating,1,NA,NA,NA,1.3200000524520874,19.34000015258789,17.3700008392334,10.865000486373901,4.360000133514404,2.457506853032112,0,0,0,1,0.08650004863739014,1,NA,Simulation,4
1,1,Field,2019-05-12 12:00:00,2019,132,Germinating,1,NA,NA,NA,0.25999999046325684,18.06999969482422,18.309999465942383,12.199999809265137,6.090000152587891,3.118259157836438,0,0,0,1,0.21999998092651368,1,NA,Simulation,4
1,1,Field,2019-05-13 12:00:00,2019,133,Germinating,1,NA,NA,NA,0.03999999910593033,23.81999969482422,21.579999923706055,14.384999990463257,7.190000057220459,4.836214603489638,0,0,0,1,0.4384999990463257,1,NA,Simulation,4
1,1,Field,2019-05-14 12:00:00,2019,134,Germinating,1,NA,NA,NA,0.1599999964237213,25.110000610351563,20.700000762939453,14.700000286102295,8.699999809265137,4.815450317132473,0,0,0,1,0.4700000286102295,1,NA,Simulation,4
1,1,Field,2019-05-15 12:00:00,2019,135,Germinating,1,NA,NA,NA,3.6500000953674316,25.889999389648438,23.709999084472656,14.084999561309814,4.460000038146973,5.299257402271032,0,0,0,1,0.40849995613098145,1,NA,Simulation,4
1,1,Field,2019-05-16 12:00:00,2019,136,Germinating,1,NA,NA,NA,0.15000000596046448,18.6200008392334,17.459999084472656,11.869999647140503,6.28000020980835,2.763646493926644,0,0,0,1,0.1869999647140503,1,NA,Simulation,4
1,1,Field,2019-05-17 12:00:00,2019,137,Germinating,1,2019-05-17,NA,NA,2.130000114440918,13.59000015258789,15.329999923706055,8.5799999833107,1.8300000429153442,1.4144531015492976,0,0,0,1,0,1,NA,Simulation,4
1,1,Field,2019-05-18 12:00:00,2019,138,Emerging,2.0041886113780736,NA,NA,NA,17.8700008392334,6.409999847412109,11.140000343322754,7.215000152587891,3.2899999618530273,0.1675444551229477,0,0,0,1,0,1,NA,Simulation,4
1,1,Field,2019-05-19 12:00:00,2019,139,Emerging,2.004954888887107,NA,NA,NA,1.2699999809265137,10.979999542236328,10.430000305175781,7.345000267028809,4.260000228881836,0.030651100361347217,0,0,0,1,0,1,NA,Simulation,4
1,1,Field,2019-05-20 12:00:00,2019,140,Emerging,2.084035357614383,NA,NA,NA,0,28.889999389648438,18.920000076293945,11.819999933242798,4.71999979019165,3.163218749091029,0,0,0,1,0.1819999933242798,1,NA,Simulation,4
1,1,Field,2019-05-21 12:00:00,2019,141,Emerging,2.1678580174179376,NA,NA,NA,2.180000066757202,20.040000915527344,18.68000030517578,12.580000162124634,6.480000019073486,3.3529063921421765,0,0,0,1,0.2580000162124634,1,NA,Simulation,4
1,1,Field,2019-05-22 12:00:00,2019,142,Emerging,2.1772782095050065,NA,NA,NA,15.050000190734863,7.809999942779541,11.649999618530273,8.854999780654907,6.059999942779541,0.3768076834827663,0,0,0,1,0,1,NA,Simulation,4
1,1,Field,2019-05-23 12:00:00,2019,143,Emerging,2.243168012132272,NA,NA,NA,0.550000011920929,11.399999618530273,17.15999984741211,11.744999885559082,6.329999923706055,2.635592105090618,0,0,0,1,0.1744999885559082,1,NA,Simulation,4
1,1,Field,2019-05-24 12:00:00,2019,144,Emerging,2.3393378062372654,NA,NA,NA,13.529999732971191,15.180000305175781,19.329999923706055,13.440000057220459,7.550000190734863,3.846791764199734,0,0,0,1,0.3440000057220459,1,NA,Simulation,4
1,1,Field,2019-05-25 12:00:00,2019,145,Emerging,2.4376334896277636,NA,NA,NA,0.18000000715255737,16.3700008392334,18.829999923706055,13.800000190734863,8.770000457763672,3.9318273356199267,0,0,0,1,0.38000001907348635,1,NA,Simulation,4
1,1,Field,2019-05-26 12:00:00,2019,146,Emerging,2.5447132546048614,NA,NA,NA,1.4500000476837158,19.75,20.75,13.579999923706055,6.409999847412109,4.2831905990839,0,0,0,1,0.3579999923706055,1,NA,Simulation,4
1,1,Field,2019-05-27 12:00:00,2019,147,Emerging,2.6302410581804816,NA,NA,NA,1.0099999904632568,16.010000228881836,18.799999237060547,12.679999589920044,6.559999942779541,3.4211121430248026,0,0,0,1,0.2679999589920044,1,NA,Simulation,4
1,1,Field,2019-05-28 12:00:00,2019,148,Emerging,2.743487428678572,NA,NA,NA,0,24.690000534057617,21.43000030517578,13.735000133514404,6.039999961853027,4.529854819923639,0,0,0,1,0.37350001335144045,1,NA,Simulation,4
1,1,Field,2019-05-29 12:00:00,2019,149,Emerging,2.9322901800478998,NA,NA,NA,0,28.649999618530273,26.549999237060547,17.454999446868896,8.359999656677246,7.552110054773093,0,0,0,1,0.7454999446868897,1,NA,Simulation,4
1,1,Field,2019-05-30 12:00:00,2019,150,Vegetative,3.0371351547229106,NA,NA,NA,0,25.31999969482422,30.920000076293945,22.30999994277954,13.699999809265137,10.272306387415604,10.272306387415604,0,1,1,1,1,NA,Simulation,4
1,1,Field,2019-05-31 12:00:00,2019,151,Vegetative,3.0669669536879747,NA,NA,NA,0,25.75,23.889999389648438,17.624999523162842,11.359999656677246,6.413836777488784,16.686143164904387,0,0.7624999523162842,1,0.7624999523162842,0.9999999999999999,NA,Simulation,4
1,1,Field,2019-06-01 12:00:00,2019,152,Vegetative,3.085774679937985,NA,NA,NA,0,28.969999313354492,21.920000076293945,14.200000047683716,6.480000019073486,4.043661143752147,20.729804308656533,0,0.4200000047683716,1,0.4200000047683716,0.9999999999999999,NA,Simulation,4
1,1,Field,2019-06-02 12:00:00,2019,153,Vegetative,3.1079541533840094,NA,NA,NA,0,23.020000457763672,23.010000228881836,15.455000162124634,7.900000095367432,4.768586790895323,25.498391099551856,0,0.5455000162124634,1,0.5455000162124634,1,NA,Simulation,4
1,1,Field,2019-06-03 12:00:00,2019,154,Vegetative,3.1479592574508533,NA,NA,NA,0.07000000029802322,27.5,29.90999984741211,20.34999990463257,10.789999961853027,8.60109737437141,34.099488473923266,0,1,1,1,0.9999999999999998,NA,Simulation,4
1,1,Field,2019-06-04 12:00:00,2019,155,Vegetative,3.199490370630307,NA,NA,NA,0.8999999761581421,20.309999465942383,32.25,24.359999656677246,16.469999313354492,11.079189333582518,45.178677807505785,0,1,1,1,1,NA,Simulation,4
1,1,Field,2019-06-05 12:00:00,2019,156,Vegetative,3.2381948432839467,NA,NA,NA,0.019999999552965164,31.280000686645508,27.40999984741211,20.085000038146973,12.760000228881836,8.32146162053251,53.500139428038295,0,1,1,1,1,NA,Simulation,4
1,1,Field,2019-06-06 12:00:00,2019,157,Vegetative,3.2863562023844226,NA,NA,NA,0.1899999976158142,30.329999923706055,29.829999923706055,22.59000015258789,15.350000381469727,10.354692206602339,63.85483163464063,0,1,1,1,1,NA,Simulation,4
1,1,Field,2019-06-07 12:00:00,2019,158,Vegetative,3.3375550313066675,NA,NA,NA,0.30000001192092896,28.90999984741211,33.5,25.3149995803833,17.1299991607666,11.007748218282638,74.86257985292328,0,1,1,1,1,NA,Simulation,4
1,1,Field,2019-06-08 12:00:00,2019,159,Vegetative,3.380490674337721,NA,NA,NA,15.1899995803833,18.09000015258789,30.229999542236328,21.289999961853027,12.350000381469727,9.231163251676614,84.0937431045999,0,1,1,1,0.9999999999999999,NA,Simulation,4
1,1,Field,2019-06-09 12:00:00,2019,160,Vegetative,3.40421634029732,NA,NA,NA,0.6000000238418579,24.049999237060547,22.09000015258789,16.255000114440918,10.420000076293945,5.1010181813136795,89.19476128591357,0,0.6255000114440918,1,0.6255000114440918,0.9999999999999999,NA,Simulation,4
1,1,Field,2019-06-10 12:00:00,2019,161,Vegetative,3.4296828774841592,NA,NA,NA,0.009999999776482582,28.020000457763672,23.920000076293945,16.730000019073486,9.539999961853027,5.475305495170508,94.67006678108407,0,0.6730000019073487,1,0.6730000019073487,0.9999999999999999,NA,Simulation,4
1,1,Field,2019-06-11 12:00:00,2019,162,Vegetative,3.457341111914222,NA,NA,NA,2.8399999141693115,21.920000076293945,25.1299991607666,17.324999809265137,9.520000457763672,5.9465204024634675,100.61658718354754,0,0.7324999809265137,1,0.7324999809265137,1,NA,Simulation,4
1,1,Field,2019-06-12 12:00:00,2019,163,Vegetative,3.4713536497875968,NA,NA,NA,0,30.270000457763672,19.770000457763672,12.740000247955322,5.710000038146973,3.0126956427755207,103.62928282632306,0,0.27400002479553226,1,0.27400002479553226,0.9999999999999999,NA,Simulation,4
1,1,Field,2019-06-13 12:00:00,2019,164,Vegetative,3.4949257488610583,NA,NA,NA,2.740000009536743,23.59000015258789,24.469999313354492,15.894999742507935,7.320000171661377,5.068001300794305,108.69728412711737,0,0.5894999742507935,1,0.5894999742507935,1,NA,Simulation,4
1,1,Field,2019-06-14 12:00:00,2019,165,Vegetative,3.538334383020908,NA,NA,NA,1.6299999952316284,24.34000015258789,28.8799991607666,21.554999351501465,14.229999542236328,9.332856344367721,118.0301404714851,0,1,1,1,0.9999999999999998,NA,Simulation,4
1,1,Field,2019-06-15 12:00:00,2019,166,Vegetative,3.561147144362686,NA,NA,NA,7.739999771118164,10.199999809265137,19.329999923706055,16.079999923706055,12.829999923706055,4.90474368848219,122.93488415996728,0,0.6079999923706055,1,0.6079999923706055,1,NA,Simulation,4
1,1,Field,2019-06-16 12:00:00,2019,167,Vegetative,3.587217294090084,NA,NA,NA,0.4300000071525574,23.469999313354492,22.979999542236328,16.954999923706055,10.930000305175781,5.605082191390641,128.53996635135792,0,0.6954999923706056,1,0.6954999923706056,1,NA,Simulation,4
1,1,Field,2019-06-17 12:00:00,2019,168,Vegetative,3.608567304694111,NA,NA,NA,0.9700000286102295,17,21.600000381469727,15.700000286102295,9.800000190734863,4.590252279865779,133.1302186312237,0,0.5700000286102295,1,0.5700000286102295,0.9999999999999999,NA,Simulation,4
1,1,Field,2019-06-18 12:00:00,2019,169,Vegetative,3.63776844966838,NA,NA,NA,0.15000000596046448,25.43000030517578,23.25,17.800000190734863,12.350000381469727,6.278246169467899,139.4084648006916,0,0.7800000190734864,1,0.7800000190734864,0.9999999999999999,NA,Simulation,4
1,1,Field,2019-06-19 12:00:00,2019,170,Vegetative,3.660898754603431,NA,NA,NA,1.340000033378601,12.890000343322754,21.25,16.179999828338623,11.109999656677246,4.9730155610358295,144.38148036172743,0,0.6179999828338624,1,0.6179999828338624,0.9999999999999999,NA,Simulation,4
1,1,Field,2019-06-20 12:00:00,2019,171,Vegetative,3.6871351571530626,NA,NA,NA,9.84000015258789,8.420000076293945,20.739999771118164,17.009999752044678,13.279999732971191,5.640826548170818,150.02230690989825,0,0.7009999752044678,1,0.7009999752044678,0.9999999999999999,NA,Simulation,4
1,1,Field,2019-06-21 12:00:00,2019,172,Vegetative,3.715829588696943,NA,NA,NA,19.18000030517578,9.3100004196167,23.530000686645508,17.665000438690186,11.800000190734863,6.169302781934346,156.19160969183258,0,0.7665000438690186,1,0.7665000438690186,1,NA,Simulation,4
1,1,Field,2019-06-22 12:00:00,2019,173,Vegetative,3.7431892331147294,NA,NA,NA,1.840000033378601,9,22.600000381469727,17.30500030517578,12.010000228881836,5.882323549824002,162.0739332416566,0,0.7305000305175782,1,0.7305000305175782,1,NA,Simulation,4
1,1,Field,2019-06-23 12:00:00,2019,174,Vegetative,3.771730298591414,NA,NA,NA,0.5400000214576721,26.219999313354492,25.600000381469727,17.615000247955322,9.630000114440918,6.136329077487302,168.21026231914388,0,0.7615000247955322,1,0.7615000247955322,1,NA,Simulation,4
1,1,Field,2019-06-24 12:00:00,2019,175,Vegetative,3.80979015482143,NA,NA,NA,1.5199999809265137,19.190000534057617,25.510000228881836,20.144999980926514,14.779999732971191,8.182869089453357,176.39313140859724,0,1,1,1,1,NA,Simulation,4
1,1,Field,2019-06-25 12:00:00,2019,176,Vegetative,3.845172364467146,NA,NA,NA,0.17000000178813934,28.100000381469727,25.420000076293945,19.420000076293945,13.420000076293945,7.607175073828966,184.0003064824262,0,0.9420000076293946,1,0.9420000076293946,0.9999999999999998,NA,Simulation,4
1,1,Field,2019-06-26 12:00:00,2019,177,Vegetative,3.885645658494458,NA,NA,NA,0.8399999737739563,29.15999984741211,27.6299991607666,20.759999752044678,13.890000343322754,8.701758215872081,192.70206469829827,0,1,1,1,1,NA,Simulation,4
1,1,Field,2019-06-27 12:00:00,2019,178,Vegetative,3.92298395436366,NA,NA,NA,9.680000305175781,12.890000343322754,22.559999465942383,19.90999984741211,17.260000228881836,8.02773361187846,200.72979831017673,0,0.990999984741211,1,0.990999984741211,1,NA,Simulation,4
1,1,Field,2019-06-28 12:00:00,2019,179,Vegetative,3.9660934218094894,NA,NA,NA,0.07000000029802322,20.079999923706055,28.959999084472656,21.419999599456787,13.880000114440918,9.268535500853302,209.99833381103002,0,1,1,1,0.9999999999999999,NA,Simulation,4
1,1,Field,2019-06-29 12:00:00,2019,180,EarlyFlowering,4.015284999960447,NA,NA,NA,6.639999866485596,17.239999771118164,28.030000686645508,23.135000228881836,18.239999771118164,10.683184302179003,220.68151811320902,0,1,1,1,1,NA,Simulation,4
1,1,Field,2019-06-30 12:00:00,2019,181,EarlyFlowering,4.07059029398903,NA,NA,NA,4.559999942779541,20.309999465942383,30.09000015258789,25.0600004196167,20.030000686645508,12.277775274345355,232.95929338755437,0,1,1,1,0.9999999999999999,NA,Simulation,4
1,1,Field,2019-07-01 12:00:00,2019,182,EarlyFlowering,4.1184355572807485,NA,NA,NA,0.009999999776482582,21.479999542236328,28.84000015258789,22.994999885559082,17.149999618530273,10.621648450761626,243.580941838316,0,1,1,1,1,NA,Simulation,4
1,1,Field,2019-07-02 12:00:00,2019,183,EarlyFlowering,4.1660642347009995,NA,NA,NA,2.6500000953674316,29.600000381469727,30.270000457763672,22.90000009536743,15.529999732971191,10.573566387295708,254.1545082256117,0,1,1,1,1,NA,Simulation,4
1,1,Field,2019-07-03 12:00:00,2019,184,EarlyFlowering,4.213910808074806,NA,NA,NA,4.510000228881836,21.360000610351563,28.56999969482422,22.920000076293945,17.270000457763672,10.62193928898493,264.7764475145966,0,1,1,1,1,NA,Simulation,4
1,1,Field,2019-07-04 12:00:00,2019,185,EarlyFlowering,4.253979893461752,NA,NA,NA,6.630000114440918,22.25,26.09000015258789,20.78499984741211,15.479999542236328,8.895336955902025,273.67178447049866,0,1,1,1,0.9999999999999999,NA,Simulation,4
1,1,Field,2019-07-05 12:00:00,2019,186,EarlyFlowering,4.289228437965969,NA,NA,NA,0.41999998688697815,8.520000457763672,22.389999389648438,19.454999923706055,16.520000457763672,7.825176879936223,281.4969613504349,0,0.9454999923706056,1,0.9454999923706056,1,NA,Simulation,4
1,1,Field,2019-07-06 12:00:00,2019,187,EarlyFlowering,4.323576321662911,NA,NA,NA,0,28.940000534057617,25.239999771118164,19.179999828338623,13.119999885559082,7.625230180721001,289.1221915311559,0,0.9179999828338623,1,0.9179999828338623,1,NA,Simulation,4
1,1,Field,2019-07-07 12:00:00,2019,188,EarlyFlowering,4.366901226118957,NA,NA,NA,0,28.8799991607666,28.389999389648438,21.53499984741211,14.680000305175781,9.618128789242322,298.74032032039827,0,1,1,1,0.9999999999999998,NA,Simulation,4
1,1,Field,2019-07-08 12:00:00,2019,189,EarlyFlowering,4.419809449808574,NA,NA,NA,19.489999771118164,24.520000457763672,29.280000686645508,24.030000686645508,18.780000686645508,11.745625659095127,310.4859459794934,0,1,1,1,1,NA,Simulation,4
1,1,Field,2019-07-09 12:00:00,2019,190,EarlyFlowering,4.4620151816460805,NA,NA,NA,52.91999816894531,12.460000038146973,24.780000686645508,21.145000457763672,17.510000228881836,9.369672467926293,319.8556184474197,0,1,1,1,0.9999999999999998,NA,Simulation,4
1,1,Field,2019-07-10 12:00:00,2019,191,EarlyFlowering,4.5019339941453245,NA,NA,NA,1.25,18.979999542236328,25.290000915527344,20.49500036239624,15.699999809265137,8.861976374832182,328.7175948222519,0,1,1,1,0.9999999999999999,NA,Simulation,4
1,1,Field,2019-07-11 12:00:00,2019,192,EarlyFlowering,4.548072292023408,NA,NA,NA,0.18000000715255737,28.770000457763672,27.969999313354492,22.074999809265137,16.18000030517578,10.242702128934567,338.9602969511865,0,1,1,1,1,NA,Simulation,4
1,1,Field,2019-07-12 12:00:00,2019,193,EarlyFlowering,4.601224293704862,NA,NA,NA,1.8799999952316284,27.860000610351563,28.020000457763672,23.84500026702881,19.670000076293945,11.799744373282827,350.7600413244693,0,1,1,1,1,NA,Simulation,4
1,1,Field,2019-07-13 12:00:00,2019,194,EarlyFlowering,4.652032636180185,NA,NA,NA,1.7200000286102295,25.170000076293945,27.299999237060547,23.170000076293945,19.040000915527344,11.279452029521728,362.039493353991,0,1,1,1,1,NA,Simulation,4
1,1,Field,2019-07-14 12:00:00,2019,195,EarlyFlowering,4.70718852784816,NA,NA,NA,0.9200000166893005,20.190000534057617,29.8700008392334,24.225000381469727,18.579999923706055,12.244607950290488,374.28410130428153,0,1,1,1,0.9999999999999997,NA,Simulation,4
1,1,Field,2019-07-15 12:00:00,2019,196,EarlyFlowering,4.766856740455682,NA,NA,NA,0.4699999988079071,26.68000030517578,30.8700008392334,25.515000343322754,20.15999984741211,13.246343198869809,387.53044450315133,0,1,1,1,1,NA,Simulation,4
1,1,Field,2019-07-16 12:00:00,2019,197,EarlyFlowering,4.81810994434552,NA,NA,NA,0.4699999988079071,24.639999389648438,28.540000915527344,23.08000087738037,17.6200008392334,11.378211263543935,398.9086557666953,0,1,1,1,0.9999999999999999,NA,Simulation,4
1,1,Field,2019-07-17 12:00:00,2019,198,EarlyFlowering,4.869289956342366,NA,NA,NA,13.899999618530273,25.459999084472656,27.06999969482422,22.989999771118164,18.90999984741211,11.361962663299915,410.2706184299952,0,1,1,1,1,NA,Simulation,4
1,1,Field,2019-07-18 12:00:00,2019,199,EarlyFlowering,4.92620566816868,NA,NA,NA,0.8999999761581421,20.18000030517578,30.190000534057617,24.36500072479248,18.540000915527344,12.635288025441731,422.90590645543693,0,1,1,1,0.9999999999999999,NA,Simulation,4
1,1,Field,2019-07-19 12:00:00,2019,200,EarlyFlowering,4.969481585104884,NA,NA,NA,7.210000038146973,17.290000915527344,25.670000076293945,20.859999656677246,16.049999237060547,9.60725355983728,432.5131600152742,0,1,1,1,0.9999999999999998,NA,Simulation,4
1,1,Field,2019-07-20 12:00:00,2019,201,EarlyPodDevelopment,5.015954832466037,NA,NA,NA,1.059999942779541,24.479999542236328,27.809999465942383,21.414999961853027,15.020000457763672,10.157512589515557,442.67067260478973,0,1,1,1,1,NA,Simulation,4
1,1,Field,2019-07-21 12:00:00,2019,202,EarlyPodDevelopment,5.050684691448889,NA,NA,NA,0.05000000074505806,18.290000915527344,23.100000381469727,18.225000381469727,13.350000381469727,7.3627301043644895,450.03340270915425,0,0.8225000381469727,1,0.8225000381469727,1,NA,Simulation,4
1,1,Field,2019-07-22 12:00:00,2019,203,EarlyPodDevelopment,5.08817510689483,NA,NA,NA,0,27.729999542236328,25.700000762939453,18.825000286102295,11.949999809265137,7.947968074539622,457.9813707836939,0,0.8825000286102296,1,0.8825000286102296,1,NA,Simulation,4
1,1,Field,2019-07-23 12:00:00,2019,204,EarlyPodDevelopment,5.134104933172233,NA,NA,NA,0,24.469999313354492,27.530000686645508,20.74500036239624,13.960000038146973,9.737123170809275,467.7184939545032,0,1,1,1,1,NA,Simulation,4
1,1,Field,2019-07-24 12:00:00,2019,205,EarlyPodDevelopment,5.184066073794857,NA,NA,NA,0.3199999928474426,26.639999389648438,28.65999984741211,21.614999771118164,14.569999694824219,10.591761811996353,478.31025576649955,0,1,1,1,0.9999999999999998,NA,Simulation,4
1,1,Field,2019-07-25 12:00:00,2019,206,EarlyPodDevelopment,5.244302695131344,NA,NA,NA,1.7300000190734863,19.889999389648438,29.760000228881836,23.914999961853027,18.06999969482422,12.770163723335273,491.0804194898348,0,1,1,1,1,NA,Simulation,4
1,1,Field,2019-07-26 12:00:00,2019,207,EarlyPodDevelopment,5.298328397997409,NA,NA,NA,0,28.6200008392334,29.43000030517578,22.40000009536743,15.369999885559082,11.453449007605926,502.5338684974407,0,1,1,1,1,NA,Simulation,4
1,1,Field,2019-07-27 12:00:00,2019,208,EarlyPodDevelopment,5.355185845478716,NA,NA,NA,0,27.399999618530273,30.1200008392334,22.96500062942505,15.8100004196167,12.053778866036987,514.5876473634777,0,1,1,1,1,NA,Simulation,4
1,1,Field,2019-07-28 12:00:00,2019,209,EarlyPodDevelopment,5.412905677458001,NA,NA,NA,3.8399999141693115,13.220000267028809,28.540000915527344,23.075000762939453,17.610000610351563,12.236604379608496,526.8242517430862,0,1,1,1,1,NA,Simulation,4
1,1,Field,2019-07-29 12:00:00,2019,210,EarlyPodDevelopment,5.44974711583638,NA,NA,NA,0.05999999865889549,23.469999313354492,24.06999969482422,18.289999961853027,12.510000228881836,7.810384936216277,534.6346366793024,0,0.8289999961853027,1,0.8289999961853027,1,NA,Simulation,4
1,1,Field,2019-07-30 12:00:00,2019,211,EarlyPodDevelopment,5.488493098441207,NA,NA,NA,0,28.40999984741211,26.350000381469727,18.660000324249268,10.970000267028809,8.214148312223324,542.8487849915257,0,0.8660000324249268,1,0.8660000324249268,1,NA,Simulation,4
1,1,Field,2019-07-31 12:00:00,2019,212,EarlyPodDevelopment,5.548427511981032,NA,NA,NA,0.009999999776482582,24.90999984741211,29.450000762939453,23.30500030517578,17.15999984741211,12.706095670442993,555.5548806619687,0,1,1,1,1,NA,Simulation,4
1,1,Field,2019-08-01 12:00:00,2019,213,EarlyPodDevelopment,5.60550843267811,NA,NA,NA,7.389999866485596,19.43000030517578,27.959999084472656,22.584999084472656,17.209999084472656,12.101155187780456,567.6560358497492,0,1,1,1,0.9999999999999999,NA,Simulation,4
1,1,Field,2019-08-02 12:00:00,2019,214,EarlyPodDevelopment,5.670109390744089,NA,NA,NA,4.090000152587891,16.56999969482422,28.670000076293945,24.145000457763672,19.6200008392334,13.695403109987408,581.3514389597366,0,1,1,1,1,NA,Simulation,4
1,1,Field,2019-08-03 12:00:00,2019,215,EarlyPodDevelopment,5.733574225464739,NA,NA,NA,0.11999999731779099,24.950000762939453,29.760000228881836,23.800000190734863,17.84000015258789,13.454544960778053,594.8059839205147,0,1,1,1,0.9999999999999998,NA,Simulation,4
1,1,Field,2019-08-04 12:00:00,2019,216,EarlyPodDevelopment,5.799197992585379,NA,NA,NA,7.190000057220459,18.8799991607666,30.510000228881836,24.22000026702881,17.93000030517578,13.912238629575565,608.7182225500902,0,1,1,1,1,NA,Simulation,4
1,1,Field,2019-08-05 12:00:00,2019,217,EarlyPodDevelopment,5.859407979844183,NA,NA,NA,0.7799999713897705,21.940000534057617,27.920000076293945,22.90999984741211,17.899999618530273,12.764517298866306,621.4827398489565,0,1,1,1,1,NA,Simulation,4
1,1,Field,2019-08-06 12:00:00,2019,218,EarlyPodDevelopment,5.922484807611749,NA,NA,NA,0.3700000047683716,25.15999984741211,31.479999542236328,23.854999542236328,16.229999542236328,13.372287486724177,634.8550273356807,0,1,1,1,1,NA,Simulation,4
1,1,Field,2019-08-07 12:00:00,2019,219,EarlyPodDevelopment,5.967366882453662,NA,NA,NA,0.009999999776482582,19.190000534057617,25.639999389648438,19.514999866485596,13.390000343322754,9.514999866485596,644.3700272021663,0,0.9514999866485596,1,0.9514999866485596,0.9999999999999999,NA,Simulation,4
1,1,Field,2019-08-08 12:00:00,2019,220,EarlyGrainFilling,6.225884640621202,NA,NA,NA,0,27.139999389648438,25.56999969482422,18.329999923706055,11.09000015258789,8.329999923706055,652.7000271258723,43.445008713237044,0.8329999923706055,1,0.8329999923706055,0.9999999999999998,NA,Simulation,4
1,1,Field,2019-08-09 12:00:00,2019,221,MidGrainFilling,7.073545750359386,NA,NA,NA,0.8799999952316284,13.130000114440918,23.670000076293945,19.204999923706055,14.739999771118164,9.204999923706055,661.9050270495784,93.9103075729885,0.9204999923706055,1,0.9204999923706055,1,NA,Simulation,4
1,1,Field,2019-08-10 12:00:00,2019,222,MidGrainFilling,7.266387860441109,NA,NA,NA,0.11999999731779099,13.319999694824219,28.360000610351563,21.450000286102295,14.539999961853027,11.450000286102295,673.3550273356807,158.1495188251877,1,1,1,0.9999999999999998,NA,Simulation,4
1,1,Field,2019-08-11 12:00:00,2019,223,MidGrainFilling,7.464619431036298,NA,NA,NA,0.5899999737739563,15.449999809265137,27.489999771118164,21.769999504089355,16.049999237060547,11.769999504089355,685.12502683977,225.77734259452185,1,1,1,0.9999999999999999,NA,Simulation,4
1,1,Field,2019-08-12 12:00:00,2019,224,MidGrainFilling,7.634472063257721,NA,NA,NA,22.110000610351563,8.4399995803833,24.579999923706055,20.085000038146973,15.59000015258789,10.08500003814697,695.210026877917,285.23418277110926,1,1,1,0.9999999999999999,NA,Simulation,4
1,1,Field,2019-08-13 12:00:00,2019,225,MidGrainFilling,7.766304187816822,NA,NA,NA,3.309999942779541,10.100000381469727,21.219999313354492,17.78499984741211,14.350000381469727,7.8275323956966405,703.0375592736136,331.8436116088635,0.778499984741211,1,0.778499984741211,0.9999999999999999,NA,Simulation,4
1,1,Field,2019-08-14 12:00:00,2019,226,MidGrainFilling,7.926308917701221,NA,NA,NA,0.33000001311302185,17.950000762939453,24.709999084472656,19.464999675750732,14.220000267028809,9.500280836886168,712.5378401104998,388.9010701151801,0.9464999675750733,1,0.9464999675750733,0.9999999999999998,NA,Simulation,4
1,1,Field,2019-08-15 12:00:00,2019,227,LateGrainFilling,8.067834405587549,NA,NA,NA,11.369999885559082,11.8100004196167,22.639999389648438,18.28999948501587,13.9399995803833,8.40307584325075,720.9409159537506,440.4871625944534,0.828999948501587,1,0.828999948501587,0.9999999999999999,NA,Simulation,4
1,1,Field,2019-08-16 12:00:00,2019,228,LateGrainFilling,8.249497743232428,NA,NA,NA,0.03999999910593033,24.520000457763672,28.049999237060547,20.56999969482422,13.09000015258789,10.786260672664643,731.7271766264153,507.3037987062494,1,1,1,1,NA,Simulation,4
1,1,Field,2019-08-17 12:00:00,2019,229,LateGrainFilling,8.417315571933447,NA,NA,NA,10.100000381469727,17.43000030517578,26.690000534057617,19.580000400543213,12.470000267028809,9.96418357912302,741.6913602055383,570.7751454310223,0.9580000400543214,1,0.9580000400543214,1,NA,Simulation,4
1,1,Field,2019-08-18 12:00:00,2019,230,LateGrainFilling,8.543438449994039,NA,NA,NA,0.019999999552965164,23.809999465942383,22.399999618530273,15.980000019073486,9.5600004196167,7.488545884847641,749.179906090386,619.1853595339741,0.5980000019073487,1,0.5980000019073487,0.9999999999999998,NA,Simulation,4
1,1,Field,2019-08-19 12:00:00,2019,231,LateGrainFilling,8.730857072323952,NA,NA,NA,1.090000033378601,24.079999923706055,28.93000030517578,20.855000019073486,12.779999732971191,11.127980700838565,760.3078867912245,684.7431874073617,1,1,1,0.9999999999999998,NA,Simulation,4
1,1,Field,2019-08-20 12:00:00,2019,232,LateGrainFilling,8.88832393832488,NA,NA,NA,8.670000076293945,21.81999969482422,24.790000915527344,19.195000648498535,13.600000381469727,9.349595168805122,769.6574819600296,735.2034115028516,0.9195000648498536,1,0.9195000648498536,1,NA,Simulation,4
1,1,Field,2019-08-21 12:00:00,2019,233,Maturing,9.018531301294994,NA,NA,NA,0,24.440000534057617,23.239999771118164,17.134999752044678,11.029999732971191,8.076207662969829,777.7336896229995,735.2034115028516,0.7134999752044678,1,0.7134999752044678,1,NA,Simulation,4
1,1,Field,2019-08-22 12:00:00,2019,234,Maturing,9.123596505033895,NA,NA,NA,0,23.729999542236328,23.739999771118164,17.06500005722046,10.390000343322754,8.195085891634225,785.9287755146337,735.2034115028516,0.706500005722046,1,0.706500005722046,0.9999999999999999,NA,Simulation,4
1,1,Field,2019-08-23 12:00:00,2019,235,Maturing,9.244527539291369,NA,NA,NA,0,19.110000610351563,25.860000610351563,18.920000076293945,11.979999542236328,9.432620672082901,795.3613961867165,735.2034115028516,0.8920000076293946,1,0.8920000076293946,1,NA,Simulation,4
1,1,Field,2019-08-24 12:00:00,2019,236,Maturing,9.399912165435385,NA,NA,NA,0.029999999329447746,22.010000228881836,27.8700008392334,22.1200008392334,16.3700008392334,12.1200008392334,807.48139702595,735.2034115028516,1,1,1,1,NA,Simulation,4
1,1,Field,2019-08-25 12:00:00,2019,237,Maturing,9.531450623794933,NA,NA,NA,10.369999885559082,6.559999942779541,24.719999313354492,20.259999752044678,15.800000190734863,10.259999752044678,817.7413967779946,735.2034115028516,1,1,1,1,NA,Simulation,4
1,1,Field,2019-08-26 12:00:00,2019,238,Maturing,9.654976261641659,NA,NA,NA,8.760000228881836,17.520000457763672,24.06999969482422,19.634999752044678,15.199999809265137,9.63499975204468,827.3763965300393,735.2034115028516,0.9634999752044678,1,0.9634999752044678,0.9999999999999999,NA,Simulation,4
1,1,Field,2019-08-27 12:00:00,2019,239,Maturing,9.73442746698207,NA,NA,NA,2.299999952316284,11.720000267028809,18.670000076293945,15.289999961853027,11.90999984741211,6.197194016551971,833.5735905465913,735.2034115028516,0.5289999961853028,1,0.5289999961853028,1,NA,Simulation,4
1,1,Field,2019-08-28 12:00:00,2019,240,Maturing,9.836117650439725,NA,NA,NA,0.05999999865889549,23.649999618530273,23.489999771118164,16.5,9.510000228881836,7.931834309697152,841.5054248562884,735.2034115028516,0.65,1,0.65,1,NA,Simulation,4
1,1,Field,2019-08-29 12:00:00,2019,241,Maturing,9.933928006903866,NA,NA,NA,0.05000000074505806,21.729999542236328,22.09000015258789,16.78499984741211,11.479999542236328,7.629207804203034,849.1346326604914,735.2034115028516,0.678499984741211,1,0.678499984741211,1,NA,Simulation,4
1,1,Field,2019-08-30 12:00:00,2019,242,Ripening,10.0280459856061,NA,NA,NA,0,21.940000534057617,22.639999389648438,15.694999694824219,8.75,7.509478252410889,856.6441109129023,735.2034115028516,0.5694999694824219,1,0.5694999694824219,0.9999999999999999,NA,Simulation,4
1,1,Field,2019-08-31 12:00:00,2019,243,Ripening,10.129927685601016,NA,2019-08-31,NA,0.009999999776482582,18.549999237060547,24.280000686645508,17.68000030517578,11.079999923706055,8.558062799572944,865.2021737124752,735.2034115028516,0.7680000305175781,1,0.7680000305175781,1,NA,Simulation,4
1,1,Field,2019-09-01 12:00:00,2019,244,Ripening,10.243421868467687,NA,NA,NA,0.07999999821186066,9.3100004196167,25.670000076293945,19.18499994277954,12.699999809265137,9.533511360800265,874.7356850732755,735.2034115028516,0.9184999942779541,1,0.9184999942779541,1,NA,Simulation,4
1,1,Field,2019-09-02 12:00:00,2019,245,Ripening,10.348855504766533,NA,NA,NA,11.960000038146973,13.350000381469727,25.040000915527344,17.920000553131104,10.800000190734863,8.856425449103117,883.5921105223786,735.2034115028516,0.7920000553131104,1,0.7920000553131104,1,NA,Simulation,4
1,1,Field,2019-09-03 12:00:00,2019,246,Ripening,10.423416333987033,NA,NA,NA,0.3400000035762787,13.899999618530273,19.299999237060547,14.59999942779541,9.899999618530273,6.2631096545219425,889.8552201769005,735.2034115028516,0.45999994277954104,1,0.45999994277954104,1,NA,Simulation,4
1,1,Field,2019-09-04 12:00:00,2019,247,Ripening,10.51766968892614,NA,NA,NA,0,21.520000457763672,23.950000762939453,15.695000410079956,7.440000057220459,7.917281814885141,897.7725019917856,735.2034115028516,0.5695000410079957,1,0.5695000410079957,1,NA,Simulation,4
1,1,Field,2019-09-05 12:00:00,2019,248,Ripening,10.642383661806017,NA,NA,NA,0.1599999964237213,18.239999771118164,26.600000381469727,20.46500015258789,14.329999923706055,10.475973721909526,908.2484757136951,735.2034115028516,1,1,1,1,NA,Simulation,4
1,1,Field,2019-09-06 12:00:00,2019,249,Ripening,10.748648962023287,NA,NA,NA,0.019999999552965164,20.969999313354492,24.139999389648438,18.66499948501587,13.1899995803833,8.92628521825075,917.1747609319459,735.2034115028516,0.866499948501587,1,0.866499948501587,1,NA,Simulation,4
1,1,Field,2019-09-07 12:00:00,2019,250,Ripening,10.808172771547097,NA,NA,NA,4.889999866485596,3.390000104904175,15.1899995803833,11.934999942779541,8.680000305175781,5,922.1747609319459,735.2034115028516,0.1934999942779541,1,0.1934999942779541,1,NA,Simulation,4
1,1,Field,2019-09-08 12:00:00,2019,251,Ripening,10.880811147008199,NA,NA,NA,0.5400000214576721,13.960000038146973,19.43000030517578,12.96500015258789,6.5,6.101623538732529,928.2763844706784,735.2034115028516,0.29650001525878905,1,0.29650001525878905,0.9999999999999999,NA,Simulation,4
1,1,Field,2019-09-09 12:00:00,2019,252,Ripening,10.955230862296338,NA,NA,NA,32.15999984741211,2.9200000762939453,18.68000030517578,15.559999942779541,12.4399995803833,6.251256084203721,934.5276405548822,735.2034115028516,0.5559999942779541,1,0.5559999942779541,0.9999999999999999,NA,Simulation,4
1,1,Field,2019-09-10 12:00:00,2019,253,ReadyForHarvesting,11,NA,NA,NA,3.5,14.289999961853027,22.280000686645508,16.49500036239624,10.710000038146973,0,934.5276405548822,735.2034115028516,0.649500036239624,1,0.649500036239624,1,NA,Simulation,4
1,1,Field,2019-09-11 12:00:00,2019,254,Germinating,1,NA,NA,2019-09-11,9,10.539999961853027,21.239999771118164,16.174999713897705,11.109999656677246,6.174999713897704,0,0,0,1,0.6174999713897705,1,Harvested at Maturity.,Simulation,4
1,1,Field,2019-09-12 12:00:00,2019,255,Germinating,1,NA,NA,NA,22.280000686645508,9.199999809265137,15.960000038146973,12.630000114440918,9.300000190734863,2.688699819421768,0,0,0,1,0.2630000114440918,1,NA,Simulation,4
1,1,Field,2019-09-13 12:00:00,2019,256,Germinating,1,NA,NA,NA,0.25999999046325684,9.539999961853027,18.700000762939453,13.320000410079956,7.940000057220459,3.6471038834512237,0,0,0,1,0.33200004100799563,1,NA,Simulation,4
1,1,Field,2019-09-14 12:00:00,2019,257,Germinating,1,NA,NA,NA,0.019999999552965164,8.789999961853027,24.34000015258789,16.414999961853027,8.489999771118164,6.515719387412071,0,0,0,1,0.6414999961853027,1,NA,Simulation,4
1,1,Field,2019-09-15 12:00:00,2019,258,Germinating,1,NA,NA,NA,0,19.459999084472656,28.969999313354492,19.869999885559082,10.770000457763672,9.869999885559082,0,0,0,1,0.9869999885559082,1,NA,Simulation,4
1,1,Field,2019-09-16 12:00:00,2019,259,Germinating,1,NA,NA,NA,0.10000000149011612,16.739999771118164,31.100000381469727,23.65000057220459,16.200000762939453,13.404846049869061,0,0,0,1,1,1,NA,Simulation,4
1,1,Field,2019-09-17 12:00:00,2019,260,Germinating,1,NA,NA,NA,0.5,16.899999618530273,30.530000686645508,25.825000762939453,21.1200008392334,15.731936566233633,0,0,0,1,1,1,NA,Simulation,4
1,1,Field,2019-09-18 12:00:00,2019,261,Germinating,1,NA,NA,NA,0.1899999976158142,18.280000686645508,26.329999923706055,21.25,16.170000076293945,11.250000000000002,0,0,0,1,1,1,NA,Simulation,4
1,1,Field,2019-09-19 12:00:00,2019,262,Germinating,1,NA,NA,NA,0,18.799999237060547,25.850000381469727,19.44000005722046,13.029999732971191,9.440000057220459,0,0,0,1,0.9440000057220459,1,NA,Simulation,4
1,1,Field,2019-09-20 12:00:00,2019,263,Germinating,1,NA,NA,NA,10.359999656677246,15.680000305175781,29.190000534057617,22.97000026702881,16.75,12.970000267028809,0,0,0,1,1,1,NA,Simulation,4
1,1,Field,2019-09-21 12:00:00,2019,264,Germinating,1,NA,NA,NA,15.149999618530273,15.130000114440918,24.1200008392334,18.535000324249268,12.949999809265137,8.535000324249268,0,0,0,1,0.8535000324249268,1,NA,Simulation,4
1,1,Field,2019-09-22 12:00:00,2019,265,Germinating,1,NA,NA,NA,0.009999999776482582,14.699999809265137,20.479999542236328,15.014999866485596,9.550000190734863,5.014999866485597,0,0,0,1,0.5014999866485595,1,NA,Simulation,4
1,1,Field,2019-09-23 12:00:00,2019,266,Germinating,1,NA,NA,NA,0,18.549999237060547,24.25,16.820000171661377,9.390000343322754,6.820000171661378,0,0,0,1,0.6820000171661378,1,NA,Simulation,4
1,1,Field,2019-09-24 12:00:00,2019,267,Germinating,1,NA,NA,NA,1.2400000095367432,9.119999885559082,22.979999542236328,17.769999980926514,12.5600004196167,7.769999980926515,0,0,0,1,0.7769999980926514,1,NA,Simulation,4
1,1,Field,2019-09-25 12:00:00,2019,268,Germinating,1,NA,NA,NA,0.3100000023841858,15.880000114440918,17.139999389648438,12.924999713897705,8.710000038146973,3.100290840685367,0,0,0,1,0.2924999713897705,1,NA,Simulation,4
1,1,Field,2019-09-26 12:00:00,2019,269,Germinating,1,NA,NA,NA,0.8500000238418579,7.349999904632568,19.350000381469727,13.430000305175781,7.510000228881836,3.845744245290756,0,0,0,1,0.34300003051757816,1,NA,Simulation,4
1,1,Field,2019-09-27 12:00:00,2019,270,Germinating,1,NA,NA,NA,0.029999999329447746,9.40999984741211,14.619999885559082,10.02999997138977,5.440000057220459,1.443866958975792,0,0,0,1,0.002999997138977051,1,NA,Simulation,4
1,1,Field,2019-09-28 12:00:00,2019,271,Germinating,1,NA,NA,NA,0.1899999976158142,11.6899995803833,14.6899995803833,9.069999814033508,3.450000047683716,1.2845058342814446,0,0,0,1,0,1,NA,Simulation,4
1,1,Field,2019-09-29 12:00:00,2019,272,Germinating,1,NA,NA,NA,25.190000534057617,2.1700000762939453,13.649999618530273,10.254999876022339,6.860000133514404,1.1843633578538892,0,0,0,1,0.02549998760223389,1,NA,Simulation,4
1,1,Field,2019-09-30 12:00:00,2019,273,Germinating,1,NA,NA,NA,9.5,3.759999990463257,14.4399995803833,10.119999885559082,5.800000190734863,1.4048158477783204,0,0,0,1,0.011999988555908205,1,NA,Simulation,4
1,1,Field,2019-10-01 12:00:00,2019,274,Germinating,1,NA,NA,NA,0.09000000357627869,7.96999979019165,11.670000076293945,7.650000095367432,3.630000114440918,0.29720151964426034,0,0,0,1,0,1,NA,Simulation,4
1,1,Field,2019-10-02 12:00:00,2019,275,Germinating,1,NA,NA,NA,10.6899995803833,3.190000057220459,9.300000190734863,5.170000076293945,1.0399999618530273,0,0,0,0,1,0,1,NA,Simulation,4
1,1,Field,2019-10-03 12:00:00,2019,276,Germinating,1,NA,NA,NA,0.5699999928474426,6.260000228881836,8.789999961853027,4.8299999833106995,0.8700000047683716,0,0,0,0,1,0,1,NA,Simulation,4
1,1,Field,2019-10-04 12:00:00,2019,277,Germinating,1,NA,NA,NA,1.9800000190734863,7.880000114440918,13.029999732971191,6.4399998635053635,-0.15000000596046448,0.5658030361635613,0,0,0,1,0,1,NA,Simulation,4
1,1,Field,2019-10-05 12:00:00,2019,278,Germinating,1,NA,NA,NA,13.390000343322754,4.139999866485596,10.350000381469727,7.53000020980835,4.710000038146973,0.022635296398401117,0,0,0,1,0,1,NA,Simulation,4
1,1,Field,2019-10-06 12:00:00,2019,279,Germinating,1,NA,NA,NA,0.009999999776482582,12.550000190734863,15.970000267028809,10.520000219345093,5.070000171661377,1.9565851245164874,0,0,0,1,0.05200002193450928,1,NA,Simulation,4
1,1,Field,2019-10-07 12:00:00,2019,280,Germinating,1,NA,NA,NA,0,15.710000038146973,19.010000228881836,11.055000066757202,3.0999999046325684,3.0038915838479996,0,0,0,1,0.10550000667572022,1,NA,Simulation,4
1,1,Field,2019-10-08 12:00:00,2019,281,Germinating,1,NA,NA,NA,0,15.100000381469727,21.690000534057617,14.365000247955322,7.039999961853027,4.849174622499944,0,0,0,1,0.43650002479553224,1,NA,Simulation,4
1,1,Field,2019-10-09 12:00:00,2019,282,Germinating,1,NA,NA,NA,1.7200000286102295,8.6899995803833,15.15999984741211,8.854999899864197,2.549999952316284,1.3902464336037639,0,0,0,1,0,1,NA,Simulation,4
1,1,Field,2019-10-10 12:00:00,2019,283,Germinating,1,NA,NA,NA,29.649999618530273,1.4700000286102295,2.140000104904175,0.03500008583068848,-2.069999933242798,0,0,0,0,1,0,1,NA,Simulation,4
1,1,Field,2019-10-11 12:00:00,2019,284,Germinating,1,NA,NA,NA,11.430000305175781,4.510000228881836,0.25,-1.065000057220459,-2.380000114440918,0,0,0,0,1,0,1,NA,Simulation,4
1,1,Field,2019-10-12 12:00:00,2019,285,Germinating,1,NA,NA,NA,2.319999933242798,5.320000171661377,0.8100000023841858,-0.20000001788139343,-1.2100000381469727,0,0,0,0,1,0,1,NA,Simulation,4
1,1,Field,2019-10-13 12:00:00,2019,286,Germinating,1,NA,NA,NA,0.1899999976158142,6.659999847412109,2,-0.8500000238418579,-3.700000047683716,0,0,0,0,1,0,1,NA,Simulation,4
1,1,Field,2019-10-14 12:00:00,2019,287,Germinating,1,NA,NA,NA,0.009999999776482582,11.020000457763672,7.329999923706055,0.559999942779541,-6.210000038146973,0,0,0,0,1,0,1,NA,Simulation,4
1,1,Field,2019-10-15 12:00:00,2019,288,Germinating,1,NA,NA,NA,1.7400000095367432,3.180000066757202,6.460000038146973,2.915000021457672,-0.6299999952316284,0,0,0,0,1,0,1,NA,Simulation,4
1,1,Field,2019-10-16 12:00:00,2019,289,Germinating,1,NA,NA,NA,0.2199999988079071,7.340000152587891,5.909999847412109,1.8599998950958252,-2.190000057220459,0,0,0,0,1,0,1,NA,Simulation,4
1,1,Field,2019-10-17 12:00:00,2019,290,Germinating,1,NA,NA,NA,0.009999999776482582,13.15999984741211,13.890000343322754,6.56000018119812,-0.7699999809265137,0.8242469897121192,0,0,0,1,0,1,NA,Simulation,4
1,1,Field,2019-10-18 12:00:00,2019,291,Germinating,1,NA,NA,NA,0.009999999776482582,11.829999923706055,16.139999389648438,10.574999809265137,5.010000228881836,2.01988427400589,0,0,0,1,0.05749998092651368,1,NA,Simulation,4
1,1,Field,2019-10-19 12:00:00,2019,292,Germinating,1,NA,NA,NA,0,13.25,15.520000457763672,9.700000286102295,3.880000114440918,1.6617661964893344,0,0,0,1,0,1,NA,Simulation,4
1,1,Field,2019-10-20 12:00:00,2019,293,Germinating,1,NA,NA,NA,5.699999809265137,4.320000171661377,9.300000190734863,5.130000084638596,0.9599999785423279,0,0,0,0,1,0,1,NA,Simulation,4
1,1,Field,2019-10-21 12:00:00,2019,294,Germinating,1,NA,NA,NA,7.25,3.6500000953674316,8.970000267028809,5.760000109672546,2.549999952316284,0,0,0,0,1,0,1,NA,Simulation,4
1,1,Field,2019-10-22 12:00:00,2019,295,Germinating,1,NA,NA,NA,0.23999999463558197,9.069999694824219,8.960000038146973,3.8050000071525574,-1.350000023841858,0,0,0,0,1,0,1,NA,Simulation,4
1,1,Field,2019-10-23 12:00:00,2019,296,Germinating,1,NA,NA,NA,0,4.199999809265137,6.019999980926514,1.2799999713897705,-3.4600000381469727,0,0,0,0,1,0,1,NA,Simulation,4
1,1,Field,2019-10-24 12:00:00,2019,297,Germinating,1,NA,NA,NA,0,12.5,7.269999980926514,1.2899999618530273,-4.690000057220459,0,0,0,0,1,0,1,NA,Simulation,4
1,1,Field,2019-10-25 12:00:00,2019,298,Germinating,1,NA,NA,NA,0,11.109999656677246,14.380000114440918,6.075000047683716,-2.2300000190734863,0.9235984746366739,0,0,0,1,0,1,NA,Simulation,4
1,1,Field,2019-10-26 12:00:00,2019,299,Germinating,1,NA,NA,NA,0.30000001192092896,10.210000038146973,12.149999618530273,6.979999780654907,1.809999942779541,0.38278765948414817,0,0,0,1,0,1,NA,Simulation,4
1,1,Field,2019-10-27 12:00:00,2019,300,Germinating,1,NA,NA,NA,0.30000001192092896,5.210000038146973,1.7899999618530273,-1.7599999904632568,-5.309999942779541,0,0,0,0,1,0,1,NA,Simulation,4
1,1,Field,2019-10-28 12:00:00,2019,301,Germinating,1,NA,NA,NA,0,11.670000076293945,3.2200000286102295,-1.409999966621399,-6.039999961853027,0,0,0,0,1,0,1,NA,Simulation,4
1,1,Field,2019-10-29 12:00:00,2019,302,Germinating,1,NA,NA,NA,0.009999999776482582,8.899999618530273,-0.30000001192092896,-2.729999929666519,-5.159999847412109,0,0,0,0,1,0,1,NA,Simulation,4
1,1,Field,2019-10-30 12:00:00,2019,303,Germinating,1,NA,NA,NA,0,4.920000076293945,-1.1299999952316284,-3.7950000166893005,-6.460000038146973,0,0,0,0,1,0,1,NA,Simulation,4
1,1,Field,2019-10-31 12:00:00,2019,304,Germinating,1,NA,NA,NA,0.14000000059604645,10.09000015258789,5.309999942779541,-1.2049999237060547,-7.71999979019165,0,0,0,0,1,0,1,NA,Simulation,4
1,1,Field,2019-11-01 12:00:00,2019,305,Germinating,1,NA,NA,NA,0.44999998807907104,5.389999866485596,3.809999942779541,1.0849999785423279,-1.6399999856948853,0,0,0,0,1,0,1,NA,Simulation,4
1,1,Field,2019-11-02 12:00:00,2019,306,Germinating,1,NA,NA,NA,0.05999999865889549,5.789999961853027,4.53000020980835,0.34500014781951904,-3.8399999141693115,0,0,0,0,1,0,1,NA,Simulation,4
1,1,Field,2019-11-03 12:00:00,2019,307,Germinating,1,NA,NA,NA,0.3400000035762787,6.130000114440918,4.739999771118164,1.4299998879432678,-1.8799999952316284,0,0,0,0,1,0,1,NA,Simulation,4
1,1,Field,2019-11-04 12:00:00,2019,308,Germinating,1,NA,NA,NA,0.1899999976158142,5.21999979019165,0.5699999928474426,-3.320000022649765,-7.210000038146973,0,0,0,0,1,0,1,NA,Simulation,4
1,1,Field,2019-11-05 12:00:00,2019,309,Germinating,1,NA,NA,NA,0.009999999776482582,9.529999732971191,-1.7100000381469727,-6.539999961853027,-11.369999885559082,0,0,0,0,1,0,1,NA,Simulation,4
1,1,Field,2019-11-06 12:00:00,2019,310,Germinating,1,NA,NA,NA,0.05999999865889549,9.380000114440918,-4.289999961853027,-7.480000019073486,-10.670000076293945,0,0,0,0,1,0,1,NA,Simulation,4
1,1,Field,2019-11-07 12:00:00,2019,311,Germinating,1,NA,NA,NA,0,9.1899995803833,-3.5799999237060547,-8.46500015258789,-13.350000381469727,0,0,0,0,1,0,1,NA,Simulation,4
1,1,Field,2019-11-08 12:00:00,2019,312,Germinating,1,NA,NA,NA,0,6.559999942779541,2.5899999141693115,-3.045000195503235,-8.680000305175781,0,0,0,0,1,0,1,NA,Simulation,4
1,1,Field,2019-11-09 12:00:00,2019,313,Germinating,1,NA,NA,NA,2.130000114440918,2.9700000286102295,1.8300000429153442,-1.444999873638153,-4.71999979019165,0,0,0,0,1,0,1,NA,Simulation,4
1,1,Field,2019-11-10 12:00:00,2019,314,Germinating,1,NA,NA,NA,0.47999998927116394,4.539999961853027,-5.380000114440918,-8.03499984741211,-10.6899995803833,0,0,0,0,1,0,1,NA,Simulation,4
1,1,Field,2019-11-11 12:00:00,2019,315,Germinating,1,NA,NA,NA,0.09000000357627869,6.539999961853027,-10.630000114440918,-12.829999923706055,-15.029999732971191,0,0,0,0,1,0,1,NA,Simulation,4
1,1,Field,2019-11-12 12:00:00,2019,316,Germinating,1,NA,NA,NA,0.3799999952316284,4.739999771118164,-4.71999979019165,-10.044999837875366,-15.369999885559082,0,0,0,0,1,0,1,NA,Simulation,4
1,1,Field,2019-11-13 12:00:00,2019,317,Germinating,1,NA,NA,NA,0.3100000023841858,5.630000114440918,-2.0199999809265137,-6.68999981880188,-11.359999656677246,0,0,0,0,1,0,1,NA,Simulation,4
1,1,Field,2019-11-14 12:00:00,2019,318,Germinating,1,NA,NA,NA,0,6.769999980926514,6.329999923706055,-3.0850000381469727,-12.5,0,0,0,0,1,0,1,NA,Simulation,4
1,1,Field,2019-11-15 12:00:00,2019,319,Germinating,1,NA,NA,NA,0,4.75,3.0199999809265137,-2.005000114440918,-7.03000020980835,0,0,0,0,1,0,1,NA,Simulation,4
1,1,Field,2019-11-16 12:00:00,2019,320,Germinating,1,NA,NA,NA,0.18000000715255737,4.199999809265137,4.03000020980835,0.9350000619888306,-2.1600000858306885,0,0,0,0,1,0,1,NA,Simulation,4
1,1,Field,2019-11-17 12:00:00,2019,321,Germinating,1,NA,NA,NA,0,2.369999885559082,3.490000009536743,0.33000004291534424,-2.8299999237060547,0,0,0,0,1,0,1,NA,Simulation,4
1,1,Field,2019-11-18 12:00:00,2019,322,Germinating,1,NA,NA,NA,2.0399999618530273,4.570000171661377,3.259999990463257,1.050000011920929,-1.159999966621399,0,0,0,0,1,0,1,NA,Simulation,4
1,1,Field,2019-11-19 12:00:00,2019,323,Germinating,1,NA,NA,NA,0,3.430000066757202,6.119999885559082,2.5749999284744263,-0.9700000286102295,0,0,0,0,1,0,1,NA,Simulation,4
1,1,Field,2019-11-20 12:00:00,2019,324,Germinating,1,NA,NA,NA,2.5799999237060547,2.430000066757202,3.2799999713897705,0.029999971389770508,-3.2200000286102295,0,0,0,0,1,0,1,NA,Simulation,4
1,1,Field,2019-11-21 12:00:00,2019,325,Germinating,1,NA,NA,NA,0.029999999329447746,4.630000114440918,-3.740000009536743,-7.054999947547913,-10.369999885559082,0,0,0,0,1,0,1,NA,Simulation,4
1,1,Field,2019-11-22 12:00:00,2019,326,Germinating,1,NA,NA,NA,0.009999999776482582,7.889999866485596,4.449999809265137,-2.4250001907348633,-9.300000190734863,0,0,0,0,1,0,1,NA,Simulation,4
1,1,Field,2019-11-23 12:00:00,2019,327,Germinating,1,NA,NA,NA,0,5.699999809265137,4.550000190734863,0.7450001239776611,-3.059999942779541,0,0,0,0,1,0,1,NA,Simulation,4
1,1,Field,2019-11-24 12:00:00,2019,328,Germinating,1,NA,NA,NA,0.10000000149011612,4.710000038146973,6.570000171661377,2.9000000953674316,-0.7699999809265137,0,0,0,0,1,0,1,NA,Simulation,4
1,1,Field,2019-11-25 12:00:00,2019,329,Germinating,1,NA,NA,NA,0.7900000214576721,2.7300000190734863,4.400000095367432,0.49000000953674316,-3.4200000762939453,0,0,0,0,1,0,1,NA,Simulation,4
1,1,Field,2019-11-26 12:00:00,2019,330,Germinating,1,NA,NA,NA,0.10999999940395355,2.299999952316284,0.8700000047683716,-1.4549999833106995,-3.7799999713897705,0,0,0,0,1,0,1,NA,Simulation,4
1,1,Field,2019-11-27 12:00:00,2019,331,Germinating,1,NA,NA,NA,0.029999999329447746,3.0199999809265137,-1.340000033378601,-4.499999940395355,-7.659999847412109,0,0,0,0,1,0,1,NA,Simulation,4
1,1,Field,2019-11-28 12:00:00,2019,332,Germinating,1,NA,NA,NA,0.019999999552965164,1.6100000143051147,-3.4200000762939453,-6.105000019073486,-8.789999961853027,0,0,0,0,1,0,1,NA,Simulation,4
1,1,Field,2019-11-29 12:00:00,2019,333,Germinating,1,NA,NA,NA,0.5,3.1500000953674316,0.2199999988079071,-3.1300000101327896,-6.480000019073486,0,0,0,0,1,0,1,NA,Simulation,4
1,1,Field,2019-11-30 12:00:00,2019,334,Germinating,1,NA,NA,NA,13.979999542236328,0.8999999761581421,-0.75,-2.6549999713897705,-4.559999942779541,0,0,0,0,1,0,1,NA,Simulation,4
1,1,Field,2019-12-01 12:00:00,2019,335,Germinating,1,NA,NA,NA,1.559999942779541,4.710000038146973,-4.659999847412109,-7.795000076293945,-10.930000305175781,0,0,0,0,1,0,1,NA,Simulation,4
1,1,Field,2019-12-02 12:00:00,2019,336,Germinating,1,NA,NA,NA,0.17000000178813934,1.5800000429153442,-1.190000057220459,-6.884999990463257,-12.579999923706055,0,0,0,0,1,0,1,NA,Simulation,4
1,1,Field,2019-12-03 12:00:00,2019,337,Germinating,1,NA,NA,NA,0.029999999329447746,5.670000076293945,1.7799999713897705,-1.840000033378601,-5.460000038146973,0,0,0,0,1,0,1,NA,Simulation,4
1,1,Field,2019-12-04 12:00:00,2019,338,Germinating,1,NA,NA,NA,0.009999999776482582,7.21999979019165,1.649999976158142,-1.85999995470047,-5.369999885559082,0,0,0,0,1,0,1,NA,Simulation,4
1,1,Field,2019-12-05 12:00:00,2019,339,Germinating,1,NA,NA,NA,0.029999999329447746,1.940000057220459,-0.05000000074505806,-6.139999771490693,-12.229999542236328,0,0,0,0,1,0,1,NA,Simulation,4
1,1,Field,2019-12-06 12:00:00,2019,340,Germinating,1,NA,NA,NA,0.27000001072883606,2.240000009536743,-2.4600000381469727,-7.795000076293945,-13.130000114440918,0,0,0,0,1,0,1,NA,Simulation,4
1,1,Field,2019-12-07 12:00:00,2019,341,Germinating,1,NA,NA,NA,0.09000000357627869,2.130000114440918,0.10000000149011612,-3.005000066012144,-6.110000133514404,0,0,0,0,1,0,1,NA,Simulation,4
1,1,Field,2019-12-08 12:00:00,2019,342,Germinating,1,NA,NA,NA,4.210000038146973,1.7899999618530273,-1.8899999856948853,-8.720000088214874,-15.550000190734863,0,0,0,0,1,0,1,NA,Simulation,4
1,1,Field,2019-12-09 12:00:00,2019,343,Germinating,1,NA,NA,NA,0.8999999761581421,6.179999828338623,-12.739999771118164,-17.399999618530273,-22.059999465942383,0,0,0,0,1,0,1,NA,Simulation,4
1,1,Field,2019-12-10 12:00:00,2019,344,Germinating,1,NA,NA,NA,0.009999999776482582,5.980000019073486,-15.289999961853027,-20.080000400543213,-24.8700008392334,0,0,0,0,1,0,1,NA,Simulation,4
1,1,Field,2019-12-11 12:00:00,2019,345,Germinating,1,NA,NA,NA,0.9900000095367432,6.309999942779541,-14.75,-20.44499969482422,-26.139999389648438,0,0,0,0,1,0,1,NA,Simulation,4
1,1,Field,2019-12-12 12:00:00,2019,346,Germinating,1,NA,NA,NA,0.3799999952316284,2.700000047683716,-11.020000457763672,-14.270000457763672,-17.520000457763672,0,0,0,0,1,0,1,NA,Simulation,4
1,1,Field,2019-12-13 12:00:00,2019,347,Germinating,1,NA,NA,NA,2.940000057220459,1.8600000143051147,-8,-11.21500015258789,-14.430000305175781,0,0,0,0,1,0,1,NA,Simulation,4
1,1,Field,2019-12-14 12:00:00,2019,348,Germinating,1,NA,NA,NA,0.03999999910593033,5.5,-14.789999961853027,-17.62999963760376,-20.469999313354492,0,0,0,0,1,0,1,NA,Simulation,4
1,1,Field,2019-12-15 12:00:00,2019,349,Germinating,1,NA,NA,NA,0.07999999821186066,3.0899999141693115,-7.420000076293945,-14.25,-21.079999923706055,0,0,0,0,1,0,1,NA,Simulation,4
1,1,Field,2019-12-16 12:00:00,2019,350,Germinating,1,NA,NA,NA,0.009999999776482582,4.650000095367432,-3.9200000762939453,-10.755000114440918,-17.59000015258789,0,0,0,0,1,0,1,NA,Simulation,4
1,1,Field,2019-12-17 12:00:00,2019,351,Germinating,1,NA,NA,NA,0.029999999329447746,5.880000114440918,-9.220000267028809,-16.735000133514404,-24.25,0,0,0,0,1,0,1,NA,Simulation,4
1,1,Field,2019-12-18 12:00:00,2019,352,Germinating,1,NA,NA,NA,0.07000000029802322,6.059999942779541,-4.510000228881836,-14.635000228881836,-24.760000228881836,0,0,0,0,1,0,1,NA,Simulation,4
1,1,Field,2019-12-19 12:00:00,2019,353,Germinating,1,NA,NA,NA,0.019999999552965164,6.050000190734863,-6.059999942779541,-9.115000009536743,-12.170000076293945,0,0,0,0,1,0,1,NA,Simulation,4
1,1,Field,2019-12-20 12:00:00,2019,354,Germinating,1,NA,NA,NA,0.05999999865889549,3.9800000190734863,-4.800000190734863,-8.490000247955322,-12.180000305175781,0,0,0,0,1,0,1,NA,Simulation,4
1,1,Field,2019-12-21 12:00:00,2019,355,Germinating,1,NA,NA,NA,0.03999999910593033,3.9200000762939453,1,-3.8249998092651367,-8.649999618530273,0,0,0,0,1,0,1,NA,Simulation,4
1,1,Field,2019-12-22 12:00:00,2019,356,Germinating,1,NA,NA,NA,0.05999999865889549,5.960000038146973,1.4700000286102295,-1.1699999570846558,-3.809999942779541,0,0,0,0,1,0,1,NA,Simulation,4
1,1,Field,2019-12-23 12:00:00,2019,357,Germinating,1,NA,NA,NA,0,4.889999866485596,-2.680000066757202,-7.504999995231628,-12.329999923706055,0,0,0,0,1,0,1,NA,Simulation,4
1,1,Field,2019-12-24 12:00:00,2019,358,Germinating,1,NA,NA,NA,0.12999999523162842,4.789999961853027,-4.25,-6.25,-8.25,0,0,0,0,1,0,1,NA,Simulation,4
1,1,Field,2019-12-25 12:00:00,2019,359,Germinating,1,NA,NA,NA,1.4299999475479126,4.349999904632568,-6.309999942779541,-8.040000200271606,-9.770000457763672,0,0,0,0,1,0,1,NA,Simulation,4
1,1,Field,2019-12-26 12:00:00,2019,360,Germinating,1,NA,NA,NA,1.2200000286102295,1.690000057220459,-3.869999885559082,-7.634999752044678,-11.399999618530273,0,0,0,0,1,0,1,NA,Simulation,4
1,1,Field,2019-12-27 12:00:00,2019,361,Germinating,1,NA,NA,NA,0.18000000715255737,6.389999866485596,-2.9100000858306885,-8.569999814033508,-14.229999542236328,0,0,0,0,1,0,1,NA,Simulation,4
1,1,Field,2019-12-28 12:00:00,2019,362,Germinating,1,NA,NA,NA,8.510000228881836,3.890000104904175,-3.6700000762939453,-6.625,-9.579999923706055,0,0,0,0,1,0,1,NA,Simulation,4
1,1,Field,2019-12-29 12:00:00,2019,363,Germinating,1,NA,NA,NA,14.399999618530273,4.440000057220459,-5.880000114440918,-8.945000171661377,-12.010000228881836,0,0,0,0,1,0,1,NA,Simulation,4
1,1,Field,2019-12-30 12:00:00,2019,364,Germinating,1,NA,NA,NA,0.4699999988079071,5.130000114440918,-8.09000015258789,-10.675000190734863,-13.260000228881836,0,0,0,0,1,0,1,NA,Simulation,4
1,1,Field,2019-12-31 12:00:00,2019,365,Germinating,1,NA,NA,NA,0.009999999776482582,7.110000133514404,-7.349999904632568,-13.015000104904175,-18.68000030517578,0,0,0,0,1,0,1,NA,Simulation,4
1,1,Field,2020-01-01 12:00:00,2020,1,Germinating,1,NA,NA,NA,1.2100000381469727,5.190000057220459,0.5799999833106995,-3.845000237226486,-8.270000457763672,0,0,0,0,1,0,1,NA,Simulation,4
1,1,Field,2020-01-02 12:00:00,2020,2,Germinating,1,NA,NA,NA,0.09000000357627869,4.369999885559082,0.46000000834465027,-4.150000110268593,-8.760000228881836,0,0,0,0,1,0,1,NA,Simulation,4
1,1,Field,2020-01-03 12:00:00,2020,3,Germinating,1,NA,NA,NA,0.8700000047683716,5.739999771118164,-1.2599999904632568,-6.704999804496765,-12.149999618530273,0,0,0,0,1,0,1,NA,Simulation,4
1,1,Field,2020-01-04 12:00:00,2020,4,Germinating,1,NA,NA,NA,0.019999999552965164,5.78000020980835,-5.099999904632568,-9.640000104904175,-14.180000305175781,0,0,0,0,1,0,1,NA,Simulation,4
1,1,Field,2020-01-05 12:00:00,2020,5,Germinating,1,NA,NA,NA,0.029999999329447746,7.25,1.4800000190734863,-2.109999895095825,-5.699999809265137,0,0,0,0,1,0,1,NA,Simulation,4
1,1,Field,2020-01-06 12:00:00,2020,6,Germinating,1,NA,NA,NA,0.05000000074505806,7.340000152587891,-0.36000001430511475,-5.699999988079071,-11.039999961853027,0,0,0,0,1,0,1,NA,Simulation,4
1,1,Field,2020-01-07 12:00:00,2020,7,Germinating,1,NA,NA,NA,0,7.599999904632568,-6.300000190734863,-15.96999979019165,-25.639999389648438,0,0,0,0,1,0,1,NA,Simulation,4
1,1,Field,2020-01-08 12:00:00,2020,8,Germinating,1,NA,NA,NA,0.4099999964237213,5.519999980926514,-13.699999809265137,-20.69000005722046,-27.68000030517578,0,0,0,0,1,0,1,NA,Simulation,4
1,1,Field,2020-01-09 12:00:00,2020,9,Germinating,1,NA,NA,NA,0.05999999865889549,5.449999809265137,-7.960000038146973,-12.974999904632568,-17.989999771118164,0,0,0,0,1,0,1,NA,Simulation,4
1,1,Field,2020-01-10 12:00:00,2020,10,Germinating,1,NA,NA,NA,0.009999999776482582,7.46999979019165,-16.90999984741211,-19.914999961853027,-22.920000076293945,0,0,0,0,1,0,1,NA,Simulation,4
1,1,Field,2020-01-11 12:00:00,2020,11,Germinating,1,NA,NA,NA,0.009999999776482582,7.78000020980835,-18.18000030517578,-23.77500057220459,-29.3700008392334,0,0,0,0,1,0,1,NA,Simulation,4
1,1,Field,2020-01-12 12:00:00,2020,12,Germinating,1,NA,NA,NA,0.019999999552965164,7.159999847412109,-10.510000228881836,-15.4350004196167,-20.360000610351563,0,0,0,0,1,0,1,NA,Simulation,4
1,1,Field,2020-01-13 12:00:00,2020,13,Germinating,1,NA,NA,NA,0.25,5.460000038146973,-5.429999828338623,-9.924999952316284,-14.420000076293945,0,0,0,0,1,0,1,NA,Simulation,4
1,1,Field,2020-01-14 12:00:00,2020,14,Germinating,1,NA,NA,NA,1.7300000190734863,8.079999923706055,-9.65999984741211,-14.595000267028809,-19.530000686645508,0,0,0,0,1,0,1,NA,Simulation,4
1,1,Field,2020-01-15 12:00:00,2020,15,Germinating,1,NA,NA,NA,3.0999999046325684,8.119999885559082,-18.25,-23.729999542236328,-29.209999084472656,0,0,0,0,1,0,1,NA,Simulation,4
1,1,Field,2020-01-16 12:00:00,2020,16,Germinating,1,NA,NA,NA,0.05000000074505806,8.430000305175781,-22.469999313354492,-27.34999942779541,-32.22999954223633,0,0,0,0,1,0,1,NA,Simulation,4
1,1,Field,2020-01-17 12:00:00,2020,17,Germinating,1,NA,NA,NA,4.809999942779541,4.130000114440918,-7.110000133514404,-15.860000371932983,-24.610000610351563,0,0,0,0,1,0,1,NA,Simulation,4
1,1,Field,2020-01-18 12:00:00,2020,18,Germinating,1,NA,NA,NA,2.380000114440918,7.860000133514404,-10.220000267028809,-14.384999752044678,-18.549999237060547,0,0,0,0,1,0,1,NA,Simulation,4
1,1,Field,2020-01-19 12:00:00,2020,19,Germinating,1,NA,NA,NA,0.17000000178813934,7.639999866485596,-16.399999618530273,-19.059999465942383,-21.719999313354492,0,0,0,0,1,0,1,NA,Simulation,4
1,1,Field,2020-01-20 12:00:00,2020,20,Germinating,1,NA,NA,NA,0.05000000074505806,9.039999961853027,-13.680000305175781,-18.56999969482422,-23.459999084472656,0,0,0,0,1,0,1,NA,Simulation,4
1,1,Field,2020-01-21 12:00:00,2020,21,Germinating,1,NA,NA,NA,0.019999999552965164,6.630000114440918,-4.389999866485596,-12.625000238418579,-20.860000610351563,0,0,0,0,1,0,1,NA,Simulation,4
1,1,Field,2020-01-22 12:00:00,2020,22,Germinating,1,NA,NA,NA,0.07000000029802322,7.929999828338623,-2.7899999618530273,-6.090000152587891,-9.390000343322754,0,0,0,0,1,0,1,NA,Simulation,4
1,1,Field,2020-01-23 12:00:00,2020,23,Germinating,1,NA,NA,NA,0.11999999731779099,5.869999885559082,-4.300000190734863,-7.014999866485596,-9.729999542236328,0,0,0,0,1,0,1,NA,Simulation,4
1,1,Field,2020-01-24 12:00:00,2020,24,Germinating,1,NA,NA,NA,0.09000000357627869,5.21999979019165,-3.75,-7.164999961853027,-10.579999923706055,0,0,0,0,1,0,1,NA,Simulation,4
1,1,Field,2020-01-25 12:00:00,2020,25,Germinating,1,NA,NA,NA,0.11999999731779099,5.989999771118164,-5.460000038146973,-9.914999961853027,-14.369999885559082,0,0,0,0,1,0,1,NA,Simulation,4
1,1,Field,2020-01-26 12:00:00,2020,26,Germinating,1,NA,NA,NA,0.33000001311302185,5.46999979019165,-2.2799999713897705,-7.085000157356262,-11.890000343322754,0,0,0,0,1,0,1,NA,Simulation,4
1,1,Field,2020-01-27 12:00:00,2020,27,Germinating,1,NA,NA,NA,0.1899999976158142,6.28000020980835,-9.350000381469727,-11.900000095367432,-14.449999809265137,0,0,0,0,1,0,1,NA,Simulation,4
1,1,Field,2020-01-28 12:00:00,2020,28,Germinating,1,NA,NA,NA,0.3100000023841858,7.269999980926514,-9.609999656677246,-12.900000095367432,-16.190000534057617,0,0,0,0,1,0,1,NA,Simulation,4
1,1,Field,2020-01-29 12:00:00,2020,29,Germinating,1,NA,NA,NA,0.23000000417232513,4.320000171661377,-3.4700000286102295,-8.37499988079071,-13.279999732971191,0,0,0,0,1,0,1,NA,Simulation,4
1,1,Field,2020-01-30 12:00:00,2020,30,Germinating,1,NA,NA,NA,0.6000000238418579,6.429999828338623,-3.309999942779541,-6.2749998569488525,-9.239999771118164,0,0,0,0,1,0,1,NA,Simulation,4
1,1,Field,2020-01-31 12:00:00,2020,31,Germinating,1,NA,NA,NA,0.15000000596046448,6.300000190734863,-2.630000114440918,-6.079999923706055,-9.529999732971191,0,0,0,0,1,0,1,NA,Simulation,4
1,1,Field,2020-02-01 12:00:00,2020,32,Germinating,1,NA,NA,NA,0.18000000715255737,5.019999980926514,1.8300000429153442,-2.9850000739097595,-7.800000190734863,0,0,0,0,1,0,1,NA,Simulation,4
1,1,Field,2020-02-02 12:00:00,2020,33,Germinating,1,NA,NA,NA,0,6.829999923706055,2.4200000762939453,-1.4449999332427979,-5.309999942779541,0,0,0,0,1,0,1,NA,Simulation,4
1,1,Field,2020-02-03 12:00:00,2020,34,Germinating,1,NA,NA,NA,0,9.239999771118164,-4.769999980926514,-10.40000033378601,-16.030000686645508,0,0,0,0,1,0,1,NA,Simulation,4
1,1,Field,2020-02-04 12:00:00,2020,35,Germinating,1,NA,NA,NA,0.019999999552965164,10.479999542236328,-6.239999771118164,-12.609999656677246,-18.979999542236328,0,0,0,0,1,0,1,NA,Simulation,4
1,1,Field,2020-02-05 12:00:00,2020,36,Germinating,1,NA,NA,NA,0,10.960000038146973,-1.5700000524520874,-7.305000007152557,-13.039999961853027,0,0,0,0,1,0,1,NA,Simulation,4
1,1,Field,2020-02-06 12:00:00,2020,37,Germinating,1,NA,NA,NA,0.3199999928474426,8.819999694824219,-8.729999542236328,-12.829999923706055,-16.93000030517578,0,0,0,0,1,0,1,NA,Simulation,4
1,1,Field,2020-02-07 12:00:00,2020,38,Germinating,1,NA,NA,NA,0.05000000074505806,11.90999984741211,-15.020000457763672,-19.140000343322754,-23.260000228881836,0,0,0,0,1,0,1,NA,Simulation,4
1,1,Field,2020-02-08 12:00:00,2020,39,Germinating,1,NA,NA,NA,0.07999999821186066,8.890000343322754,-0.5600000023841858,-9.665000230073929,-18.770000457763672,0,0,0,0,1,0,1,NA,Simulation,4
1,1,Field,2020-02-09 12:00:00,2020,40,Germinating,1,NA,NA,NA,0.05000000074505806,10.199999809265137,-1.809999942779541,-7.424999952316284,-13.039999961853027,0,0,0,0,1,0,1,NA,Simulation,4
1,1,Field,2020-02-10 12:00:00,2020,41,Germinating,1,NA,NA,NA,0.029999999329447746,11.020000457763672,-2.3499999046325684,-7.394999742507935,-12.4399995803833,0,0,0,0,1,0,1,NA,Simulation,4
1,1,Field,2020-02-11 12:00:00,2020,42,Germinating,1,NA,NA,NA,0.09000000357627869,12.100000381469727,0.17000000178813934,-6.809999980032444,-13.789999961853027,0,0,0,0,1,0,1,NA,Simulation,4
1,1,Field,2020-02-12 12:00:00,2020,43,Germinating,1,NA,NA,NA,0.8899999856948853,12.260000228881836,-5.079999923706055,-18.335000038146973,-31.59000015258789,0,0,0,0,1,0,1,NA,Simulation,4
1,1,Field,2020-02-13 12:00:00,2020,44,Germinating,1,NA,NA,NA,0,13.390000343322754,-15.65999984741211,-23.5649995803833,-31.469999313354492,0,0,0,0,1,0,1,NA,Simulation,4
1,1,Field,2020-02-14 12:00:00,2020,45,Germinating,1,NA,NA,NA,0.23999999463558197,12.420000076293945,-2.890000104904175,-13.894999861717224,-24.899999618530273,0,0,0,0,1,0,1,NA,Simulation,4
1,1,Field,2020-02-15 12:00:00,2020,46,Germinating,1,NA,NA,NA,0.019999999552965164,12.140000343322754,-4.190000057220459,-10.480000257492065,-16.770000457763672,0,0,0,0,1,0,1,NA,Simulation,4
1,1,Field,2020-02-16 12:00:00,2020,47,Germinating,1,NA,NA,NA,0.49000000953674316,9.880000114440918,-7.039999961853027,-13.570000171661377,-20.100000381469727,0,0,0,0,1,0,1,NA,Simulation,4
1,1,Field,2020-02-17 12:00:00,2020,48,Germinating,1,NA,NA,NA,1.3600000143051147,10.609999656677246,-3.7899999618530273,-8.170000076293945,-12.550000190734863,0,0,0,0,1,0,1,NA,Simulation,4
1,1,Field,2020-02-18 12:00:00,2020,49,Germinating,1,NA,NA,NA,0.029999999329447746,13.699999809265137,-12.729999542236328,-18.625,-24.520000457763672,0,0,0,0,1,0,1,NA,Simulation,4
1,1,Field,2020-02-19 12:00:00,2020,50,Germinating,1,NA,NA,NA,0,14.779999732971191,-13.430000305175781,-20.40999984741211,-27.389999389648438,0,0,0,0,1,0,1,NA,Simulation,4
1,1,Field,2020-02-20 12:00:00,2020,51,Germinating,1,NA,NA,NA,0,14.220000267028809,-1.1299999952316284,-12.939999997615814,-24.75,0,0,0,0,1,0,1,NA,Simulation,4
1,1,Field,2020-02-21 12:00:00,2020,52,Germinating,1,NA,NA,NA,0.009999999776482582,14.300000190734863,1.2999999523162842,-5.2500001192092896,-11.800000190734863,0,0,0,0,1,0,1,NA,Simulation,4
1,1,Field,2020-02-22 12:00:00,2020,53,Germinating,1,NA,NA,NA,0,14.359999656677246,2.7300000190734863,-3.754999876022339,-10.239999771118164,0,0,0,0,1,0,1,NA,Simulation,4
1,1,Field,2020-02-23 12:00:00,2020,54,Germinating,1,NA,NA,NA,0,14.8100004196167,4.130000114440918,-1.1150000095367432,-6.360000133514404,0,0,0,0,1,0,1,NA,Simulation,4
1,1,Field,2020-02-24 12:00:00,2020,55,Germinating,1,NA,NA,NA,0.009999999776482582,14.029999732971191,1.0700000524520874,-3.4599998593330383,-7.989999771118164,0,0,0,0,1,0,1,NA,Simulation,4
1,1,Field,2020-02-25 12:00:00,2020,56,Germinating,1,NA,NA,NA,0.07000000029802322,14.609999656677246,-2.4700000286102295,-6.765000224113464,-11.0600004196167,0,0,0,0,1,0,1,NA,Simulation,4
1,1,Field,2020-02-26 12:00:00,2020,57,Germinating,1,NA,NA,NA,0.10000000149011612,12.739999771118164,-6.96999979019165,-9.759999990463257,-12.550000190734863,0,0,0,0,1,0,1,NA,Simulation,4
1,1,Field,2020-02-27 12:00:00,2020,58,Germinating,1,NA,NA,NA,0.05999999865889549,13.100000381469727,-3.5299999713897705,-8.475000023841858,-13.420000076293945,0,0,0,0,1,0,1,NA,Simulation,4
1,1,Field,2020-02-28 12:00:00,2020,59,Germinating,1,NA,NA,NA,0.07000000029802322,13.40999984741211,-1.8799999952316284,-6.554999768733978,-11.229999542236328,0,0,0,0,1,0,1,NA,Simulation,4
1,1,Field,2020-02-29 12:00:00,2020,60,Germinating,1,NA,NA,NA,0.05999999865889549,13.979999542236328,7.150000095367432,0,-7.150000095367432,0,0,0,0,1,0,1,NA,Simulation,4
1,1,Field,2020-03-01 12:00:00,2020,61,Germinating,1,NA,NA,NA,0.019999999552965164,14.1899995803833,6.730000019073486,1.2699999809265137,-4.190000057220459,0,0,0,0,1,0,1,NA,Simulation,4
1,1,Field,2020-03-02 12:00:00,2020,62,Germinating,1,NA,NA,NA,0.019999999552965164,14.930000305175781,3.380000114440918,-2.065000057220459,-7.510000228881836,0,0,0,0,1,0,1,NA,Simulation,4
1,1,Field,2020-03-03 12:00:00,2020,63,Germinating,1,NA,NA,NA,0.03999999910593033,15.369999885559082,4.449999809265137,0.5499999523162842,-3.3499999046325684,0,0,0,0,1,0,1,NA,Simulation,4
1,1,Field,2020-03-04 12:00:00,2020,64,Germinating,1,NA,NA,NA,0.1899999976158142,13.920000076293945,7.869999885559082,1.2549998760223389,-5.360000133514404,0,0,0,0,1,0,1,NA,Simulation,4
1,1,Field,2020-03-05 12:00:00,2020,65,Germinating,1,NA,NA,NA,0.23000000417232513,15.050000190734863,4.190000057220459,-0.004999876022338867,-4.199999809265137,0,0,0,0,1,0,1,NA,Simulation,4
1,1,Field,2020-03-06 12:00:00,2020,66,Germinating,1,NA,NA,NA,0.009999999776482582,14.739999771118164,9.109999656677246,2.3949997425079346,-4.320000171661377,0,0,0,0,1,0,1,NA,Simulation,4
1,1,Field,2020-03-07 12:00:00,2020,67,Germinating,1,NA,NA,NA,0.019999999552965164,15.539999961853027,13.729999542236328,5.729999780654907,-2.2699999809265137,0.7062498489767315,0,0,0,1,0,1,NA,Simulation,4
1,1,Field,2020-03-08 12:00:00,2020,68,Germinating,1,NA,NA,NA,0.11999999731779099,13.289999961853027,8.90999984741211,1.8899998664855957,-5.130000114440918,0,0,0,0,1,0,1,NA,Simulation,4
1,1,Field,2020-03-09 12:00:00,2020,69,Germinating,1,NA,NA,NA,0,16.770000457763672,-1.2699999809265137,-4.525000095367432,-7.78000020980835,0,0,0,0,1,0,1,NA,Simulation,4
1,1,Field,2020-03-10 12:00:00,2020,70,Germinating,1,NA,NA,NA,0.009999999776482582,15.34000015258789,6.03000020980835,0.3900001049041748,-5.25,0,0,0,0,1,0,1,NA,Simulation,4
1,1,Field,2020-03-11 12:00:00,2020,71,Germinating,1,NA,NA,NA,0.009999999776482582,14.479999542236328,9.460000038146973,3.7050000429153442,-2.049999952316284,0,0,0,0,1,0,1,NA,Simulation,4
1,1,Field,2020-03-12 12:00:00,2020,72,Germinating,1,NA,NA,NA,0.25,15.84000015258789,4.460000038146973,-0.25999999046325684,-4.980000019073486,0,0,0,0,1,0,1,NA,Simulation,4
1,1,Field,2020-03-13 12:00:00,2020,73,Germinating,1,NA,NA,NA,0,10.0600004196167,-0.9900000095367432,-3.8750001192092896,-6.760000228881836,0,0,0,0,1,0,1,NA,Simulation,4
1,1,Field,2020-03-14 12:00:00,2020,74,Germinating,1,NA,NA,NA,0,18.229999542236328,-1.7200000286102295,-5.215000033378601,-8.710000038146973,0,0,0,0,1,0,1,NA,Simulation,4
1,1,Field,2020-03-15 12:00:00,2020,75,Germinating,1,NA,NA,NA,0.7200000286102295,15.4399995803833,2.9200000762939453,-1.7200000286102295,-6.360000133514404,0,0,0,0,1,0,1,NA,Simulation,4
1,1,Field,2020-03-16 12:00:00,2020,76,Germinating,1,NA,NA,NA,0.44999998807907104,16.700000762939453,1.7999999523162842,-1.2050000429153442,-4.210000038146973,0,0,0,0,1,0,1,NA,Simulation,4
1,1,Field,2020-03-17 12:00:00,2020,77,Germinating,1,NA,NA,NA,0.029999999329447746,18.68000030517578,5.21999979019165,-1.1650002002716064,-7.550000190734863,0,0,0,0,1,0,1,NA,Simulation,4
